feature,importance
is_peak_hour,0.09320036
is_night,0.09256804
aggressive_score,0.07213009
hard_braking_events,0.06113149
max_acceleration,0.04723339
braking_events,0.03438046
max_speed,0.03226017
hour_of_day,0.030586585
avg_acceleration,0.028945517
avg_speed,0.027354153
avg_jerk,0.025547845
vit_feature_8,0.0250301
max_jerk,0.023779167
truck_count,0.019391961
cnn_feature_4,0.019281812
vit_feature_9,0.018212063
vit_feature_6,0.01755255
month,0.017453678
bus_count,0.017202903
cnn_feature_5,0.016724695
cnn_feature_9,0.016370788
car_count,0.015819315
traffic_light_count,0.014816309
cnn_feature_0,0.014711112
total_objects,0.013975397
vit_feature_4,0.013969759
cnn_feature_3,0.013959942
object_density,0.013805979
vit_feature_2,0.013540515
cnn_feature_6,0.013120338
vit_feature_5,0.013022734
cnn_feature_7,0.012993526
vit_feature_7,0.012412374
cnn_feature_8,0.011081946
vit_feature_1,0.010477276
cnn_feature_2,0.0102635715
vit_feature_3,0.010018285
cnn_feature_1,0.00973187
env_complexity,0.009599158
vit_feature_0,0.009499585
brightness,0.009041012
contrast,0.00848809
person_count,0.0064027836
is_poor_lighting,0.0029113067
motorcycle_count,0.0
bicycle_count,0.0
stop_sign_count,0.0
lighting_condition_enc,0.0
