mean_fit_time,std_fit_time,mean_score_time,std_score_time,param_subsample,param_reg_lambda,param_reg_alpha,param_n_estimators,param_min_child_weight,param_max_depth,param_learning_rate,param_gamma,param_colsample_bytree,params,split0_test_score,split1_test_score,split2_test_score,split3_test_score,split4_test_score,mean_test_score,std_test_score,rank_test_score,split0_train_score,split1_train_score,split2_train_score,split3_train_score,split4_train_score,mean_train_score,std_train_score
0.6877237796783447,0.007242149501521331,0.014822578430175782,0.0006339005209792382,0.8,5.0,0.3,500,10,6,0.02,0.4,0.5,"{'subsample': 0.8, 'reg_lambda': 5.0, 'reg_alpha': 0.3, 'n_estimators': 500, 'min_child_weight': 10, 'max_depth': 6, 'learning_rate': 0.02, 'gamma': 0.4, 'colsample_bytree': 0.5}",0.888655462184874,0.9571428571428571,0.9172268907563026,0.9564860426929392,0.9600340136054422,0.935909053276483,0.02841909815049686,65,0.998690893857674,0.9987694402262136,0.9979577944179714,0.9985250737463127,0.9991907484271805,0.9986267901350704,0.00040010218300660065
0.6876118659973145,0.021821745498453376,0.015311241149902344,0.0019941110406795372,0.85,4.0,2.0,500,7,7,0.05,0.3,0.6,"{'subsample': 0.85, 'reg_lambda': 4.0, 'reg_alpha': 2.0, 'n_estimators': 500, 'min_child_weight': 7, 'max_depth': 7, 'learning_rate': 0.05, 'gamma': 0.3, 'colsample_bytree': 0.6}",0.8869747899159665,0.9525210084033613,0.9340336134453782,0.9683908045977011,0.9553571428571428,0.93945547184391,0.028440968310828565,34,0.9999476357543069,0.9999738178771534,0.9999476357543069,0.9999736620311841,1.0,0.9999685502833904,1.9584673793313357e-05
1.0884637355804443,0.013396094931257272,0.01596059799194336,0.00033712045136353726,0.7,4.0,0.5,1200,10,6,0.03,0.4,0.5,"{'subsample': 0.7, 'reg_lambda': 4.0, 'reg_alpha': 0.5, 'n_estimators': 1200, 'min_child_weight': 10, 'max_depth': 6, 'learning_rate': 0.03, 'gamma': 0.4, 'colsample_bytree': 0.5}",0.880672268907563,0.9441176470588235,0.9231092436974789,0.9675697865353037,0.9477040816326531,0.9326346055663646,0.02956427969675011,78,0.9999738178771534,0.9999738178771534,0.9998952715086139,0.999815634218289,1.0,0.999931708296242,6.783954816556287e-05
2.745949125289917,0.38108072302892004,0.024617481231689452,0.007911849829711347,0.8,4.0,1.5,1000,3,5,0.02,1.0,0.7,"{'subsample': 0.8, 'reg_lambda': 4.0, 'reg_alpha': 1.5, 'n_estimators': 1000, 'min_child_weight': 3, 'max_depth': 5, 'learning_rate': 0.02, 'gamma': 1.0, 'colsample_bytree': 0.7}",0.8920168067226891,0.9533613445378152,0.9319327731092437,0.95935960591133,0.9685374149659864,0.9410415890494128,0.027312071945923624,22,0.9999738178771534,0.9999214536314603,0.9999214536314603,0.9999736620311841,1.0,0.9999580774342517,3.140302082605824e-05
1.5326002597808839,0.043232241532270746,0.017170238494873046,0.00021011175628961743,0.8,5.0,1.5,1200,10,7,0.01,1.0,0.5,"{'subsample': 0.8, 'reg_lambda': 5.0, 'reg_alpha': 1.5, 'n_estimators': 1200, 'min_child_weight': 10, 'max_depth': 7, 'learning_rate': 0.01, 'gamma': 1.0, 'colsample_bytree': 0.5}",0.8911764705882352,0.9571428571428571,0.9222689075630253,0.9577175697865353,0.9613095238095237,0.9379230657780354,0.02734390615683127,45,0.9982457977692831,0.9985599832434414,0.997486516206734,0.9982353560893383,0.9992690630955178,0.9983593432808628,0.0005758366164032415
1.2203160285949708,0.03016726680244645,0.016435623168945312,0.0002871616539674211,0.7,3.0,2.0,1000,10,5,0.01,0.4,0.5,"{'subsample': 0.7, 'reg_lambda': 3.0, 'reg_alpha': 2.0, 'n_estimators': 1000, 'min_child_weight': 10, 'max_depth': 5, 'learning_rate': 0.01, 'gamma': 0.4, 'colsample_bytree': 0.5}",0.8920168067226891,0.9592436974789915,0.9176470588235294,0.9548440065681446,0.9579081632653061,0.9363319465717321,0.027004201420365373,59,0.9968843273812641,0.9969890558726502,0.9959155888359428,0.9963126843657817,0.9978071892865533,0.9967817691484384,0.0006442486016875028
3.070136547088623,0.781722266679674,0.017936229705810547,0.0034262605184172184,0.7,1.5,1.0,700,2,5,0.01,0.5,0.6,"{'subsample': 0.7, 'reg_lambda': 1.5, 'reg_alpha': 1.0, 'n_estimators': 700, 'min_child_weight': 2, 'max_depth': 5, 'learning_rate': 0.01, 'gamma': 0.5, 'colsample_bytree': 0.6}",0.8962184873949581,0.953781512605042,0.9243697478991597,0.9626436781609196,0.969812925170068,0.9413652702460293,0.027361588294659015,21,1.0,1.0,1.0,1.0,1.0,1.0,0.0
1.2377071857452393,0.2802485204105706,0.0164492130279541,0.0008495658589622898,0.8,1.5,1.0,1200,7,7,0.05,0.7,0.65,"{'subsample': 0.8, 'reg_lambda': 1.5, 'reg_alpha': 1.0, 'n_estimators': 1200, 'min_child_weight': 7, 'max_depth': 7, 'learning_rate': 0.05, 'gamma': 0.7, 'colsample_bytree': 0.65}",0.8794117647058823,0.9567226890756303,0.9243697478991597,0.972495894909688,0.9583333333333334,0.9382666859847386,0.033382509721189293,43,0.9999738178771534,1.0,1.0,1.0,1.0,0.9999947635754307,1.0472849138620789e-05
0.8120397090911865,0.019393050255748945,0.018427944183349608,0.006948096614457955,0.75,5.0,0.5,500,3,5,0.05,0.4,0.5,"{'subsample': 0.75, 'reg_lambda': 5.0, 'reg_alpha': 0.5, 'n_estimators': 500, 'min_child_weight': 3, 'max_depth': 5, 'learning_rate': 0.05, 'gamma': 0.4, 'colsample_bytree': 0.5}",0.8886554621848739,0.9512605042016807,0.9273109243697479,0.9729064039408867,0.9668367346938775,0.9413940058782133,0.03071611513874483,20,1.0,1.0,1.0,1.0,1.0,1.0,0.0
0.6433587551116944,0.021454422153825894,0.028655815124511718,0.02812917171775265,0.8,3.0,0.5,500,7,4,0.05,0.4,0.65,"{'subsample': 0.8, 'reg_lambda': 3.0, 'reg_alpha': 0.5, 'n_estimators': 500, 'min_child_weight': 7, 'max_depth': 4, 'learning_rate': 0.05, 'gamma': 0.4, 'colsample_bytree': 0.65}",0.8802521008403361,0.9533613445378151,0.9289915966386554,0.9708538587848934,0.953656462585034,0.9374230726773469,0.03154291909935104,48,1.0,1.0,1.0,1.0,1.0,1.0,0.0
1.5371663570404053,0.05640906361952639,0.016545915603637697,0.0017637128608813338,0.8,4.0,0.3,1200,3,5,0.03,1.0,0.65,"{'subsample': 0.8, 'reg_lambda': 4.0, 'reg_alpha': 0.3, 'n_estimators': 1200, 'min_child_weight': 3, 'max_depth': 5, 'learning_rate': 0.03, 'gamma': 1.0, 'colsample_bytree': 0.65}",0.8991596638655462,0.9558823529411764,0.9302521008403362,0.9696223316912972,0.9685374149659864,0.9446907728608686,0.026821832771677157,3,1.0,1.0,1.0,1.0,1.0,1.0,0.0
3.7113104820251466,0.7220621993419493,0.025150012969970704,0.010079472426417714,0.7,5.0,0.3,1000,3,4,0.005,0.3,0.65,"{'subsample': 0.7, 'reg_lambda': 5.0, 'reg_alpha': 0.3, 'n_estimators': 1000, 'min_child_weight': 3, 'max_depth': 4, 'learning_rate': 0.005, 'gamma': 0.3, 'colsample_bytree': 0.65}",0.8949579831932774,0.9546218487394957,0.9168067226890756,0.9482758620689655,0.9651360544217688,0.9359596942225166,0.0260737439659135,64,0.9989527150861393,0.9990836257003718,0.998690893857674,0.9990254951538138,0.9997128462160964,0.9990931152028188,0.00033770497590527497
1.009193515777588,0.01824532105636039,0.029404830932617188,0.028759394240253283,0.85,1.5,0.1,500,2,5,0.03,0.5,0.5,"{'subsample': 0.85, 'reg_lambda': 1.5, 'reg_alpha': 0.1, 'n_estimators': 500, 'min_child_weight': 2, 'max_depth': 5, 'learning_rate': 0.03, 'gamma': 0.5, 'colsample_bytree': 0.5}",0.9004201680672268,0.9521008403361345,0.9348739495798319,0.9704433497536946,0.9723639455782314,0.9460404506630239,0.026574638744982674,1,1.0,1.0,1.0,1.0,1.0,1.0,0.0
0.6847034454345703,0.024662198981735665,0.01831202507019043,0.007280171667067134,0.85,3.0,1.0,500,7,4,0.05,0.3,0.7,"{'subsample': 0.85, 'reg_lambda': 3.0, 'reg_alpha': 1.0, 'n_estimators': 500, 'min_child_weight': 7, 'max_depth': 4, 'learning_rate': 0.05, 'gamma': 0.3, 'colsample_bytree': 0.7}",0.8827731092436975,0.9483193277310925,0.9285714285714286,0.9663382594417076,0.9583333333333334,0.9368670916642519,0.029851230905133145,52,1.0,1.0,1.0,1.0,1.0,1.0,0.0
0.9323388576507569,0.04024047505420693,0.019965457916259765,0.0036285454086148884,0.85,2.0,0.1,1000,10,7,0.03,1.0,0.5,"{'subsample': 0.85, 'reg_lambda': 2.0, 'reg_alpha': 0.1, 'n_estimators': 1000, 'min_child_weight': 10, 'max_depth': 7, 'learning_rate': 0.03, 'gamma': 1.0, 'colsample_bytree': 0.5}",0.8852941176470588,0.9508403361344538,0.9264705882352942,0.967159277504105,0.953656462585034,0.9366841564211892,0.028852877381316634,53,0.9999476357543069,1.0,0.9999738178771534,0.9999209860935524,0.9999738951105541,0.9999632669671135,2.685368475126389e-05
2.0582603454589843,0.3392137324637615,0.027526330947875977,0.006429964835540453,0.8,3.0,0.5,1000,2,5,0.05,0.2,0.5,"{'subsample': 0.8, 'reg_lambda': 3.0, 'reg_alpha': 0.5, 'n_estimators': 1000, 'min_child_weight': 2, 'max_depth': 5, 'learning_rate': 0.05, 'gamma': 0.2, 'colsample_bytree': 0.5}",0.8970588235294118,0.9529411764705882,0.9310924369747899,0.9679802955665024,0.9727891156462585,0.9443723696375101,0.027760397431544948,4,1.0,1.0,1.0,1.0,1.0,1.0,0.0
1.0952662467956542,0.23441836816575173,0.017626428604125978,0.005341186330204292,0.75,2.0,1.5,500,3,5,0.05,0.2,0.55,"{'subsample': 0.75, 'reg_lambda': 2.0, 'reg_alpha': 1.5, 'n_estimators': 500, 'min_child_weight': 3, 'max_depth': 5, 'learning_rate': 0.05, 'gamma': 0.2, 'colsample_bytree': 0.55}",0.8878151260504201,0.9558823529411765,0.9222689075630252,0.9667487684729064,0.9630102040816326,0.9391450718218323,0.03010386499716138,35,1.0,1.0,1.0,1.0,1.0,1.0,0.0
1.6253979682922364,0.01950466508853462,0.01754870414733887,0.0012498551351476056,0.7,5.0,0.3,1000,10,7,0.005,1.0,0.65,"{'subsample': 0.7, 'reg_lambda': 5.0, 'reg_alpha': 0.3, 'n_estimators': 1000, 'min_child_weight': 10, 'max_depth': 7, 'learning_rate': 0.005, 'gamma': 1.0, 'colsample_bytree': 0.65}",0.8932773109243697,0.9563025210084033,0.9134453781512605,0.9433497536945813,0.9574829931972789,0.9327715913951788,0.0253359675298821,77,0.9917788134261927,0.9917264491804996,0.9901817039325549,0.9898072060682679,0.9931344140757564,0.9913257173366542,0.0012043179905690089
1.1705755233764648,0.011718753776318406,0.01516571044921875,0.0003985017055648133,0.75,1.5,0.1,500,2,4,0.02,0.7,0.6,"{'subsample': 0.75, 'reg_lambda': 1.5, 'reg_alpha': 0.1, 'n_estimators': 500, 'min_child_weight': 2, 'max_depth': 4, 'learning_rate': 0.02, 'gamma': 0.7, 'colsample_bytree': 0.6}",0.8903361344537817,0.9457983193277311,0.9302521008403362,0.9688013136288998,0.9681122448979592,0.9406600226297416,0.02902680628880963,25,1.0,1.0,1.0,1.0,1.0,1.0,0.0
2.5609323978424072,0.6221631665012549,0.018364667892456055,0.002950424076806657,0.85,4.0,0.5,500,2,7,0.02,0.7,0.7,"{'subsample': 0.85, 'reg_lambda': 4.0, 'reg_alpha': 0.5, 'n_estimators': 500, 'min_child_weight': 2, 'max_depth': 7, 'learning_rate': 0.02, 'gamma': 0.7, 'colsample_bytree': 0.7}",0.8978991596638655,0.950420168067227,0.9294117647058824,0.9630541871921183,0.9723639455782314,0.9426298450414649,0.02659891532364022,10,1.0,1.0,1.0,1.0,1.0,1.0,0.0
1.2519895553588867,0.3439559563774058,0.01832447052001953,0.005854894686045494,0.75,3.0,1.0,700,3,4,0.05,0.2,0.55,"{'subsample': 0.75, 'reg_lambda': 3.0, 'reg_alpha': 1.0, 'n_estimators': 700, 'min_child_weight': 3, 'max_depth': 4, 'learning_rate': 0.05, 'gamma': 0.2, 'colsample_bytree': 0.55}",0.8794117647058823,0.9546218487394958,0.9260504201680673,0.9733169129720853,0.9583333333333334,0.9383468559837727,0.03320176763219756,40,1.0,1.0,1.0,1.0,1.0,1.0,0.0
0.6159243583679199,0.009312885062891118,0.015003633499145509,0.0011698823108058371,0.75,5.0,1.5,500,10,7,0.05,0.3,0.7,"{'subsample': 0.75, 'reg_lambda': 5.0, 'reg_alpha': 1.5, 'n_estimators': 500, 'min_child_weight': 10, 'max_depth': 7, 'learning_rate': 0.05, 'gamma': 0.3, 'colsample_bytree': 0.7}",0.8861344537815126,0.9457983193277311,0.9252100840336135,0.9671592775041051,0.9528061224489796,0.9354216514191883,0.028109343424638257,70,0.9997643608943813,0.9998167251400744,0.9995549039116092,0.9996839443742099,0.9998694755527711,0.9997378819746091,0.00011011310913998924
0.9166784763336182,0.02507884047061174,0.015708494186401366,0.0003042072110131707,0.85,1.5,2.0,700,10,5,0.02,0.7,0.6,"{'subsample': 0.85, 'reg_lambda': 1.5, 'reg_alpha': 2.0, 'n_estimators': 700, 'min_child_weight': 10, 'max_depth': 5, 'learning_rate': 0.02, 'gamma': 0.7, 'colsample_bytree': 0.6}",0.8831932773109243,0.9533613445378151,0.9218487394957984,0.9610016420361247,0.9630102040816326,0.936483041492459,0.030475206325129983,56,0.99939781117453,0.99939781117453,0.9989527150861393,0.9993152128107881,0.9999216853316626,0.99939704711553,0.00030963663580855366
3.946618986129761,0.7373636457779027,0.027213335037231445,0.011970695477756399,0.85,4.0,0.3,700,2,7,0.005,0.4,0.5,"{'subsample': 0.85, 'reg_lambda': 4.0, 'reg_alpha': 0.3, 'n_estimators': 700, 'min_child_weight': 2, 'max_depth': 7, 'learning_rate': 0.005, 'gamma': 0.4, 'colsample_bytree': 0.5}",0.8983193277310926,0.9474789915966386,0.9180672268907563,0.9404761904761905,0.9681122448979591,0.9344907963185275,0.024137227417020835,74,1.0,0.9999476357543069,0.9999476357543069,1.0,1.0,0.9999790543017226,2.5653136542767263e-05
2.4126100063323976,0.5075240981972587,0.016548013687133788,0.0002093798205827452,0.7,4.0,0.1,1200,2,7,0.03,0.4,0.7,"{'subsample': 0.7, 'reg_lambda': 4.0, 'reg_alpha': 0.1, 'n_estimators': 1200, 'min_child_weight': 2, 'max_depth': 7, 'learning_rate': 0.03, 'gamma': 0.4, 'colsample_bytree': 0.7}",0.9021008403361345,0.9474789915966386,0.9273109243697479,0.9819376026272578,0.9689625850340136,0.9455581887927584,0.028623140259498216,2,1.0,1.0,1.0,1.0,1.0,1.0,0.0
4.388280820846558,0.7326525392274434,0.028900957107543944,0.013616920274745013,0.7,4.0,2.0,1000,2,6,0.01,0.4,0.7,"{'subsample': 0.7, 'reg_lambda': 4.0, 'reg_alpha': 2.0, 'n_estimators': 1000, 'min_child_weight': 2, 'max_depth': 6, 'learning_rate': 0.01, 'gamma': 0.4, 'colsample_bytree': 0.7}",0.8928571428571428,0.9546218487394957,0.9189075630252102,0.9573070607553367,0.9698129251700681,0.9387013081094506,0.028499298916780817,37,1.0,1.0,1.0,1.0,1.0,1.0,0.0
1.1076802730560302,0.29018441102589626,0.01642451286315918,0.0012428053357019632,0.85,5.0,1.5,1200,10,4,0.05,0.5,0.5,"{'subsample': 0.85, 'reg_lambda': 5.0, 'reg_alpha': 1.5, 'n_estimators': 1200, 'min_child_weight': 10, 'max_depth': 4, 'learning_rate': 0.05, 'gamma': 0.5, 'colsample_bytree': 0.5}",0.8869747899159665,0.950420168067227,0.9243697478991596,0.964696223316913,0.9511054421768708,0.9355132742752273,0.027557715221538038,69,0.9998952715086139,0.9999214536314603,0.9998167251400744,0.9999209860935524,0.9999738951105541,0.999905666296851,5.129851482379644e-05
1.6398314952850341,0.04907152007879614,0.01654982566833496,0.001105727588612888,0.75,2.0,1.0,700,7,5,0.005,1.0,0.7,"{'subsample': 0.75, 'reg_lambda': 2.0, 'reg_alpha': 1.0, 'n_estimators': 700, 'min_child_weight': 7, 'max_depth': 5, 'learning_rate': 0.005, 'gamma': 1.0, 'colsample_bytree': 0.7}",0.8962184873949579,0.9521008403361345,0.9163865546218488,0.9441707717569787,0.9638605442176871,0.9345474396655215,0.02473424679209122,73,0.9948421217992355,0.9942661150966121,0.9938210190082212,0.9944690265486725,0.9964758399248179,0.9947748244755118,0.0009121430767408869
1.3095428466796875,0.04764049171416044,0.018259286880493164,0.005636879368280075,0.7,5.0,0.3,700,3,4,0.03,0.4,0.65,"{'subsample': 0.7, 'reg_lambda': 5.0, 'reg_alpha': 0.3, 'n_estimators': 700, 'min_child_weight': 3, 'max_depth': 4, 'learning_rate': 0.03, 'gamma': 0.4, 'colsample_bytree': 0.65}",0.8936974789915967,0.950420168067227,0.9281512605042017,0.9720853858784892,0.965561224489796,0.941983103586262,0.02848185621458774,16,1.0,1.0,1.0,1.0,1.0,1.0,0.0
2.884636068344116,0.5484685150124211,0.016691112518310548,0.0002834312447297644,0.85,3.0,1.5,1000,7,4,0.01,0.5,0.7,"{'subsample': 0.85, 'reg_lambda': 3.0, 'reg_alpha': 1.5, 'n_estimators': 1000, 'min_child_weight': 7, 'max_depth': 4, 'learning_rate': 0.01, 'gamma': 0.5, 'colsample_bytree': 0.7}",0.8861344537815126,0.9533613445378151,0.9260504201680673,0.9573070607553366,0.9659863945578231,0.9377679347601109,0.029067266306585605,46,0.9997381787715348,0.9997905430172278,0.9997905430172278,0.9997366203118416,1.0,0.9998111770235664,9.735819321175168e-05
2.5974913120269774,0.049728334240440535,0.019164371490478515,0.0009752510902774026,0.7,4.0,2.0,1200,5,6,0.005,0.7,0.55,"{'subsample': 0.7, 'reg_lambda': 4.0, 'reg_alpha': 2.0, 'n_estimators': 1200, 'min_child_weight': 5, 'max_depth': 6, 'learning_rate': 0.005, 'gamma': 0.7, 'colsample_bytree': 0.55}",0.8941176470588235,0.958403361344538,0.9159663865546219,0.9507389162561576,0.9621598639455783,0.9362772350319437,0.02667799689948463,61,0.9980101586636645,0.9978268838037389,0.9970937843640363,0.9976559207753899,0.9989296995327225,0.9979032894279104,0.0005978739423831255
5.231771087646484,0.5420870297353089,0.02426304817199707,0.00808304639220063,0.7,1.5,0.1,1000,2,6,0.005,0.3,0.65,"{'subsample': 0.7, 'reg_lambda': 1.5, 'reg_alpha': 0.1, 'n_estimators': 1000, 'min_child_weight': 2, 'max_depth': 6, 'learning_rate': 0.005, 'gamma': 0.3, 'colsample_bytree': 0.65}",0.8987394957983195,0.9546218487394957,0.9260504201680672,0.9568965517241379,0.9715136054421769,0.9415643843744395,0.025989162128863548,19,1.0,1.0,1.0,1.0,1.0,1.0,0.0
2.372829818725586,0.27748003383335007,0.021951723098754882,0.008243005637388624,0.8,3.0,0.1,1000,3,5,0.01,0.5,0.5,"{'subsample': 0.8, 'reg_lambda': 3.0, 'reg_alpha': 0.1, 'n_estimators': 1000, 'min_child_weight': 3, 'max_depth': 5, 'learning_rate': 0.01, 'gamma': 0.5, 'colsample_bytree': 0.5}",0.8978991596638655,0.953781512605042,0.9264705882352942,0.9630541871921182,0.9706632653061225,0.9423737426004883,0.02679184184055511,11,1.0,1.0,1.0,1.0,1.0,1.0,0.0
2.2957597255706785,0.17014913832543394,0.022583961486816406,0.006811675769793363,0.75,5.0,1.5,1200,2,5,0.05,1.0,0.7,"{'subsample': 0.75, 'reg_lambda': 5.0, 'reg_alpha': 1.5, 'n_estimators': 1200, 'min_child_weight': 2, 'max_depth': 5, 'learning_rate': 0.05, 'gamma': 1.0, 'colsample_bytree': 0.7}",0.8928571428571429,0.9554621848739496,0.9302521008403362,0.965927750410509,0.9659863945578231,0.9420971147079522,0.02786431830017726,15,0.9999738178771534,0.9999738178771534,1.0,1.0,1.0,0.9999895271508613,1.2826568271383631e-05
1.7229576110839844,0.021667314292356948,0.016337156295776367,0.0005311108507985566,0.85,5.0,2.0,1200,2,7,0.05,0.2,0.7,"{'subsample': 0.85, 'reg_lambda': 5.0, 'reg_alpha': 2.0, 'n_estimators': 1200, 'min_child_weight': 2, 'max_depth': 7, 'learning_rate': 0.05, 'gamma': 0.2, 'colsample_bytree': 0.7}",0.9021008403361345,0.9512605042016806,0.9226890756302522,0.9663382594417077,0.9685374149659864,0.9421852189151523,0.025872863836314233,14,1.0,1.0,1.0,1.0,1.0,1.0,0.0
0.6486734390258789,0.015826879293876297,0.014843416213989259,0.000162627016784774,0.85,3.0,1.5,500,10,4,0.03,0.3,0.6,"{'subsample': 0.85, 'reg_lambda': 3.0, 'reg_alpha': 1.5, 'n_estimators': 500, 'min_child_weight': 10, 'max_depth': 4, 'learning_rate': 0.03, 'gamma': 0.3, 'colsample_bytree': 0.6}",0.884873949579832,0.9554621848739495,0.9256302521008404,0.9622331691297208,0.9566326530612245,0.9369664417491134,0.029015157520808733,51,0.9995810860344556,0.9997119966486883,0.9995549039116092,0.9995522545301306,0.9998955804422168,0.9996591643134201,0.0001319696877316529
1.0823516368865966,0.024746144012505807,0.016532039642333983,0.001699438297094103,0.85,4.0,2.0,1200,5,7,0.05,0.7,0.55,"{'subsample': 0.85, 'reg_lambda': 4.0, 'reg_alpha': 2.0, 'n_estimators': 1200, 'min_child_weight': 5, 'max_depth': 7, 'learning_rate': 0.05, 'gamma': 0.7, 'colsample_bytree': 0.55}",0.892436974789916,0.9483193277310924,0.9315126050420168,0.9614121510673235,0.967687074829932,0.9402736266920562,0.0269375886906765,29,0.9999214536314603,0.9999214536314603,0.9999476357543069,0.9999473240623683,1.0,0.9999475734159191,2.8681349556822803e-05
2.9158726215362547,0.44901791134416613,0.02816452980041504,0.009693158865200677,0.85,1.5,0.3,700,2,6,0.02,0.3,0.6,"{'subsample': 0.85, 'reg_lambda': 1.5, 'reg_alpha': 0.3, 'n_estimators': 700, 'min_child_weight': 2, 'max_depth': 6, 'learning_rate': 0.02, 'gamma': 0.3, 'colsample_bytree': 0.6}",0.8941176470588236,0.9516806722689076,0.9285714285714286,0.9704433497536946,0.9668367346938775,0.9423299664693463,0.028256343767317893,13,1.0,1.0,1.0,1.0,1.0,1.0,0.0
2.7357357025146483,0.0862007403608172,0.01866436004638672,0.0003253089544611703,0.75,2.0,1.5,1200,3,7,0.01,0.3,0.5,"{'subsample': 0.75, 'reg_lambda': 2.0, 'reg_alpha': 1.5, 'n_estimators': 1200, 'min_child_weight': 3, 'max_depth': 7, 'learning_rate': 0.01, 'gamma': 0.3, 'colsample_bytree': 0.5}",0.8899159663865546,0.9567226890756303,0.9247899159663865,0.9630541871921182,0.9706632653061225,0.9410292047853623,0.029952764423653244,23,1.0,1.0,1.0,1.0,1.0,1.0,0.0
3.3757452964782715,0.6773663158286951,0.022146129608154298,0.00535667224225821,0.75,5.0,0.3,700,2,7,0.02,0.2,0.7,"{'subsample': 0.75, 'reg_lambda': 5.0, 'reg_alpha': 0.3, 'n_estimators': 700, 'min_child_weight': 2, 'max_depth': 7, 'learning_rate': 0.02, 'gamma': 0.2, 'colsample_bytree': 0.7}",0.8991596638655462,0.9495798319327731,0.9277310924369748,0.9667487684729065,0.9702380952380953,0.9426914903892591,0.02647206355421999,9,1.0,1.0,1.0,1.0,1.0,1.0,0.0
1.3868380069732666,0.12896940111783264,0.021345186233520507,0.007822601637596072,0.8,4.0,0.5,700,3,7,0.03,0.3,0.5,"{'subsample': 0.8, 'reg_lambda': 4.0, 'reg_alpha': 0.5, 'n_estimators': 700, 'min_child_weight': 3, 'max_depth': 7, 'learning_rate': 0.03, 'gamma': 0.3, 'colsample_bytree': 0.5}",0.8915966386554622,0.9491596638655463,0.9289915966386555,0.9675697865353038,0.971938775510204,0.9418512922410344,0.029363282759359875,18,1.0,1.0,1.0,1.0,1.0,1.0,0.0
1.5488860130310058,0.023561582849561592,0.019764184951782227,0.0044044643423447605,0.75,5.0,2.0,1200,2,5,0.05,0.3,0.65,"{'subsample': 0.75, 'reg_lambda': 5.0, 'reg_alpha': 2.0, 'n_estimators': 1200, 'min_child_weight': 2, 'max_depth': 5, 'learning_rate': 0.05, 'gamma': 0.3, 'colsample_bytree': 0.65}",0.8899159663865547,0.9571428571428573,0.9226890756302522,0.9675697865353038,0.9651360544217686,0.9404907480233472,0.02997554426505881,26,1.0,1.0,1.0,1.0,1.0,1.0,0.0
3.268275260925293,0.8160030927726042,0.022033071517944335,0.0063990234117791344,0.85,1.5,0.1,1200,5,6,0.01,0.2,0.6,"{'subsample': 0.85, 'reg_lambda': 1.5, 'reg_alpha': 0.1, 'n_estimators': 1200, 'min_child_weight': 5, 'max_depth': 6, 'learning_rate': 0.01, 'gamma': 0.2, 'colsample_bytree': 0.6}",0.8903361344537815,0.95,0.9310924369747899,0.9708538587848932,0.9672619047619049,0.9419088669950739,0.029403392345720418,17,1.0,1.0,1.0,1.0,1.0,1.0,0.0
1.1704455375671388,0.3221046054416508,0.01630873680114746,0.0005869751029678004,0.8,3.0,1.0,1000,10,4,0.03,0.2,0.55,"{'subsample': 0.8, 'reg_lambda': 3.0, 'reg_alpha': 1.0, 'n_estimators': 1000, 'min_child_weight': 10, 'max_depth': 4, 'learning_rate': 0.03, 'gamma': 0.2, 'colsample_bytree': 0.55}",0.8882352941176471,0.9478991596638655,0.926890756302521,0.9700328407224958,0.9519557823129251,0.9370027666238909,0.027977951968734868,50,0.9999738178771534,1.0,0.9999476357543069,0.9999473240623683,1.0,0.9999737555387658,2.3487926523013667e-05
1.1788147926330566,0.02210592281206322,0.016280174255371094,0.0002302253550955304,0.85,1.5,0.5,1200,10,5,0.03,0.7,0.7,"{'subsample': 0.85, 'reg_lambda': 1.5, 'reg_alpha': 0.5, 'n_estimators': 1200, 'min_child_weight': 10, 'max_depth': 5, 'learning_rate': 0.03, 'gamma': 0.7, 'colsample_bytree': 0.7}",0.8810924369747899,0.9478991596638655,0.9210084033613445,0.9708538587848934,0.9519557823129252,0.9345619282195636,0.03111339472650338,72,0.9999738178771534,1.0,0.9999738178771534,1.0,1.0,0.9999895271508613,1.2826568271383631e-05
1.4848515033721923,0.02371850873134016,0.01649646759033203,0.0003348027275907946,0.85,5.0,2.0,1200,5,7,0.02,1.0,0.55,"{'subsample': 0.85, 'reg_lambda': 5.0, 'reg_alpha': 2.0, 'n_estimators': 1200, 'min_child_weight': 5, 'max_depth': 7, 'learning_rate': 0.02, 'gamma': 1.0, 'colsample_bytree': 0.55}",0.8936974789915967,0.953781512605042,0.9285714285714285,0.9577175697865353,0.9681122448979592,0.9403760469705122,0.02671317772949504,27,0.9997381787715348,0.9996858145258417,0.9996858145258417,0.9994469026548672,1.0,0.9997113420956172,0.00017622435949573624
1.5612142086029053,0.29443979810739596,0.02992701530456543,0.005401036556811241,0.8,5.0,0.5,1200,10,5,0.03,1.0,0.5,"{'subsample': 0.8, 'reg_lambda': 5.0, 'reg_alpha': 0.5, 'n_estimators': 1200, 'min_child_weight': 10, 'max_depth': 5, 'learning_rate': 0.03, 'gamma': 1.0, 'colsample_bytree': 0.5}",0.888235294117647,0.9470588235294118,0.9277310924369748,0.9663382594417076,0.9515306122448979,0.9361788163541277,0.02695770600173326,62,0.9999476357543069,0.9998690893857674,0.9998690893857675,0.9997892962494732,0.9999216853316627,0.9998793592213955,5.436076253306771e-05
1.6239740371704101,0.25052561111993205,0.023306512832641603,0.006616258670530885,0.7,5.0,0.3,500,2,6,0.05,0.2,0.55,"{'subsample': 0.7, 'reg_lambda': 5.0, 'reg_alpha': 0.3, 'n_estimators': 500, 'min_child_weight': 2, 'max_depth': 6, 'learning_rate': 0.05, 'gamma': 0.2, 'colsample_bytree': 0.55}",0.8920168067226891,0.9592436974789915,0.9205882352941177,0.9749589490968802,0.9693877551020408,0.9432390887389438,0.03188364198566178,7,1.0,1.0,1.0,1.0,1.0,1.0,0.0
1.9215328216552734,0.02960015675672382,0.01769990921020508,0.0023402296926811113,0.8,5.0,0.5,700,2,4,0.005,1.0,0.55,"{'subsample': 0.8, 'reg_lambda': 5.0, 'reg_alpha': 0.5, 'n_estimators': 700, 'min_child_weight': 2, 'max_depth': 4, 'learning_rate': 0.005, 'gamma': 1.0, 'colsample_bytree': 0.55}",0.8970588235294118,0.9478991596638656,0.9168067226890757,0.937192118226601,0.9613095238095238,0.9320532695836956,0.02276179630868283,79,0.9973032413468084,0.9970152379954966,0.996831963135571,0.9972345132743363,0.9983292870754693,0.9973428485655363,0.0005205187430105011
1.1575461387634278,0.019979737632093007,0.01681671142578125,0.0009501230112141673,0.8,4.0,1.5,1200,7,7,0.03,1.0,0.55,"{'subsample': 0.8, 'reg_lambda': 4.0, 'reg_alpha': 1.5, 'n_estimators': 1200, 'min_child_weight': 7, 'max_depth': 7, 'learning_rate': 0.03, 'gamma': 1.0, 'colsample_bytree': 0.55}",0.8978991596638655,0.9504201680672268,0.9264705882352942,0.9638752052545156,0.9591836734693878,0.939569758938058,0.024499872894059464,32,0.9997905430172279,0.999895271508614,0.9998429072629209,0.9998419721871049,0.9999738951105541,0.9998689178172844,6.206444127983996e-05
2.6260329723358153,0.5887705590101804,0.021401357650756837,0.006616612878615468,0.7,4.0,0.1,1200,10,7,0.005,0.7,0.55,"{'subsample': 0.7, 'reg_lambda': 4.0, 'reg_alpha': 0.1, 'n_estimators': 1200, 'min_child_weight': 10, 'max_depth': 7, 'learning_rate': 0.005, 'gamma': 0.7, 'colsample_bytree': 0.55}",0.8945378151260504,0.957563025210084,0.9180672268907564,0.9486863711001643,0.959608843537415,0.935692656372894,0.0253909841733617,67,0.9948683039220819,0.9947635754306959,0.9930355553228256,0.9934945217024863,0.9959276372464563,0.9944179187249091,0.0010358731616206206
1.8935949325561523,0.40850885570957246,0.020674705505371094,0.006694276416457199,0.7,5.0,0.5,1000,10,7,0.005,0.5,0.7,"{'subsample': 0.7, 'reg_lambda': 5.0, 'reg_alpha': 0.5, 'n_estimators': 1000, 'min_child_weight': 10, 'max_depth': 7, 'learning_rate': 0.005, 'gamma': 0.5, 'colsample_bytree': 0.7}",0.892436974789916,0.9571428571428572,0.9126050420168067,0.944991789819376,0.9579081632653061,0.9330169654068523,0.02610903697017042,76,0.9920144525318113,0.9916217206891134,0.9902340681782479,0.9898862199747156,0.9932127287440937,0.9913938380235964,0.00121354312701709
1.2939773082733155,0.023205841261772733,0.016011476516723633,0.00038457414927747915,0.8,4.0,1.5,1200,2,5,0.05,0.5,0.55,"{'subsample': 0.8, 'reg_lambda': 4.0, 'reg_alpha': 1.5, 'n_estimators': 1200, 'min_child_weight': 2, 'max_depth': 5, 'learning_rate': 0.05, 'gamma': 0.5, 'colsample_bytree': 0.55}",0.8974789915966387,0.9563025210084033,0.9264705882352942,0.9655172413793103,0.9681122448979592,0.9427763174235212,0.02705454327169172,8,1.0,1.0,1.0,1.0,1.0,1.0,0.0
0.9788092613220215,0.0157068633993944,0.015284109115600585,0.00019695293434637723,0.75,5.0,0.1,500,7,5,0.01,0.3,0.55,"{'subsample': 0.75, 'reg_lambda': 5.0, 'reg_alpha': 0.1, 'n_estimators': 500, 'min_child_weight': 7, 'max_depth': 5, 'learning_rate': 0.01, 'gamma': 0.3, 'colsample_bytree': 0.55}",0.8928571428571429,0.9567226890756303,0.9205882352941177,0.9478653530377668,0.9634353741496599,0.9362937588828635,0.026158414869254066,60,0.9971461486097293,0.9968057810127244,0.996125045818715,0.9966024020227561,0.9983031821860234,0.9969965119299896,0.0007322475508743725
1.2832152843475342,0.27202342160876225,0.030191373825073243,0.009688624882167528,0.85,2.0,2.0,700,5,5,0.05,0.3,0.6,"{'subsample': 0.85, 'reg_lambda': 2.0, 'reg_alpha': 2.0, 'n_estimators': 700, 'min_child_weight': 5, 'max_depth': 5, 'learning_rate': 0.05, 'gamma': 0.3, 'colsample_bytree': 0.6}",0.8928571428571428,0.9512605042016807,0.9264705882352942,0.9704433497536946,0.9634353741496597,0.9408933918394944,0.02829952818699568,24,0.9999738178771534,1.0,1.0,1.0,1.0,0.9999947635754307,1.0472849138620789e-05
2.1872066974639894,0.5283677430851481,0.01974630355834961,0.006216014870817778,0.7,4.0,2.0,1200,7,5,0.02,0.5,0.7,"{'subsample': 0.7, 'reg_lambda': 4.0, 'reg_alpha': 2.0, 'n_estimators': 1200, 'min_child_weight': 7, 'max_depth': 5, 'learning_rate': 0.02, 'gamma': 0.5, 'colsample_bytree': 0.7}",0.8861344537815126,0.9521008403361344,0.9226890756302522,0.965927750410509,0.9562074829931972,0.9366119206303211,0.029069333828073748,55,0.9998429072629208,0.9998690893857674,0.9998690893857675,0.9998683101559207,0.9999738951105541,0.999884658260186,4.573489138645557e-05
0.7269672870635986,0.01033798627563097,0.01831808090209961,0.0060580215880760855,0.85,2.0,1.0,700,10,4,0.05,0.4,0.7,"{'subsample': 0.85, 'reg_lambda': 2.0, 'reg_alpha': 1.0, 'n_estimators': 700, 'min_child_weight': 10, 'max_depth': 4, 'learning_rate': 0.05, 'gamma': 0.4, 'colsample_bytree': 0.7}",0.8852941176470588,0.9474789915966386,0.9252100840336135,0.9667487684729064,0.95578231292517,0.9361028549350776,0.0288307121362241,63,0.9999738178771534,1.0,0.9999476357543069,1.0,1.0,0.999984290726292,2.0945698277241578e-05
1.1024884700775146,0.03437343256021063,0.01604008674621582,0.00038750038978196006,0.75,2.0,0.1,1200,7,4,0.05,0.4,0.7,"{'subsample': 0.75, 'reg_lambda': 2.0, 'reg_alpha': 0.1, 'n_estimators': 1200, 'min_child_weight': 7, 'max_depth': 4, 'learning_rate': 0.05, 'gamma': 0.4, 'colsample_bytree': 0.7}",0.8756302521008403,0.938655462184874,0.9256302521008403,0.9716748768472907,0.9468537414965986,0.9316889169460888,0.031801455845200735,80,1.0,1.0,1.0,1.0,1.0,1.0,0.0
4.837808561325073,0.905383375731497,0.022480583190917967,0.0076934731834682945,0.75,5.0,1.5,1000,3,6,0.005,0.4,0.7,"{'subsample': 0.75, 'reg_lambda': 5.0, 'reg_alpha': 1.5, 'n_estimators': 1000, 'min_child_weight': 3, 'max_depth': 6, 'learning_rate': 0.005, 'gamma': 0.4, 'colsample_bytree': 0.7}",0.8941176470588236,0.9554621848739495,0.9180672268907563,0.9470443349753694,0.9706632653061223,0.9370709318210041,0.027467352625432512,49,0.9994239932973765,0.9993192648059904,0.9990836257003718,0.9994995785924989,0.9998172657738795,0.9994287456340235,0.00023961703282292067
1.291908359527588,0.02021811078379839,0.017932701110839843,0.0020726307686721617,0.75,1.5,1.5,1200,10,6,0.02,0.4,0.6,"{'subsample': 0.75, 'reg_lambda': 1.5, 'reg_alpha': 1.5, 'n_estimators': 1200, 'min_child_weight': 10, 'max_depth': 6, 'learning_rate': 0.02, 'gamma': 0.4, 'colsample_bytree': 0.6}",0.8831932773109243,0.946638655462185,0.9260504201680673,0.9679802955665024,0.9540816326530612,0.935588856232148,0.029494286355048183,68,0.9998429072629208,0.999895271508614,0.9996596324029953,0.999815634218289,0.9998955804422168,0.999821805167007,8.6745004500137e-05
2.0791810512542725,0.4562892522175959,0.025992584228515626,0.009629622483170812,0.7,3.0,2.0,1200,3,4,0.02,0.3,0.5,"{'subsample': 0.7, 'reg_lambda': 3.0, 'reg_alpha': 2.0, 'n_estimators': 1200, 'min_child_weight': 3, 'max_depth': 4, 'learning_rate': 0.02, 'gamma': 0.3, 'colsample_bytree': 0.5}",0.8903361344537816,0.9521008403361345,0.9210084033613445,0.9667487684729064,0.9613095238095238,0.9383007340867382,0.0287359200907325,42,1.0,1.0,1.0,1.0,1.0,1.0,0.0
2.1558626174926756,0.41698582240270626,0.024479246139526366,0.011259607339703243,0.85,3.0,0.5,500,3,6,0.02,0.3,0.6,"{'subsample': 0.85, 'reg_lambda': 3.0, 'reg_alpha': 0.5, 'n_estimators': 500, 'min_child_weight': 3, 'max_depth': 6, 'learning_rate': 0.02, 'gamma': 0.3, 'colsample_bytree': 0.6}",0.8911764705882353,0.9546218487394957,0.9273109243697479,0.9683908045977012,0.9702380952380952,0.9423476287066551,0.029837464743988597,12,1.0,1.0,1.0,1.0,1.0,1.0,0.0
1.9292379856109618,0.02761258537986266,0.017480182647705077,0.00033849401338729106,0.85,3.0,0.1,1000,10,5,0.005,0.5,0.7,"{'subsample': 0.85, 'reg_lambda': 3.0, 'reg_alpha': 0.1, 'n_estimators': 1000, 'min_child_weight': 10, 'max_depth': 5, 'learning_rate': 0.005, 'gamma': 0.5, 'colsample_bytree': 0.7}",0.8924369747899159,0.9550420168067226,0.9218487394957984,0.949096880131363,0.9634353741496599,0.9363719970746919,0.026015879220848654,57,0.9964915955385663,0.996072681573022,0.995470492747552,0.9962336704593341,0.9977810843971076,0.9964099049431162,0.0007634238555638028
1.135908555984497,0.04046891370693301,0.016395092010498047,0.000596247600945201,0.8,2.0,0.1,1200,7,5,0.05,0.2,0.65,"{'subsample': 0.8, 'reg_lambda': 2.0, 'reg_alpha': 0.1, 'n_estimators': 1200, 'min_child_weight': 7, 'max_depth': 5, 'learning_rate': 0.05, 'gamma': 0.2, 'colsample_bytree': 0.65}",0.8789915966386554,0.938655462184874,0.9205882352941177,0.9774220032840724,0.9502551020408163,0.9331824798885071,0.03278362462248794,75,1.0,1.0,1.0,1.0,1.0,1.0,0.0
2.1188141345977782,0.45483997443837726,0.031329107284545896,0.004312806904129182,0.85,1.5,0.1,700,10,6,0.005,0.4,0.6,"{'subsample': 0.85, 'reg_lambda': 1.5, 'reg_alpha': 0.1, 'n_estimators': 700, 'min_child_weight': 10, 'max_depth': 6, 'learning_rate': 0.005, 'gamma': 0.4, 'colsample_bytree': 0.6}",0.8949579831932772,0.9550420168067226,0.9193277310924369,0.9437602627257801,0.9638605442176872,0.9353897076071809,0.025137937130210525,71,0.9944755720793842,0.9940566581138399,0.9933497407969838,0.9943373367045933,0.9954316443469863,0.9943301904083575,0.0006738677964301538
0.9804429054260254,0.14591257060225155,0.017656326293945312,0.0058060432619220816,0.85,1.5,1.5,700,7,6,0.05,1.0,0.55,"{'subsample': 0.85, 'reg_lambda': 1.5, 'reg_alpha': 1.5, 'n_estimators': 700, 'min_child_weight': 7, 'max_depth': 6, 'learning_rate': 0.05, 'gamma': 1.0, 'colsample_bytree': 0.55}",0.8878151260504202,0.9533613445378151,0.9315126050420168,0.9634646962233169,0.965561224489796,0.940342999268673,0.028903987247240692,28,0.9998690893857675,0.999895271508614,0.9998690893857675,0.9999209860935524,1.0,0.9999108872747403,4.8540793445292175e-05
0.9261369705200195,0.016063983971054643,0.015712833404541014,0.00021013725033580905,0.7,3.0,1.0,700,10,6,0.01,1.0,0.5,"{'subsample': 0.7, 'reg_lambda': 3.0, 'reg_alpha': 1.0, 'n_estimators': 700, 'min_child_weight': 10, 'max_depth': 6, 'learning_rate': 0.01, 'gamma': 1.0, 'colsample_bytree': 0.5}",0.8945378151260504,0.9571428571428571,0.9201680672268907,0.9519704433497537,0.9579081632653061,0.9363454692221715,0.025104617947886623,58,0.9957323139760171,0.9955490391160915,0.9940042938681468,0.9940476190476191,0.9966063643720469,0.9951879260759842,0.0010139046637178332
0.6669377326965332,0.011152142026258522,0.01616702079772949,0.0015192098132490017,0.85,3.0,1.0,500,10,6,0.03,0.7,0.6,"{'subsample': 0.85, 'reg_lambda': 3.0, 'reg_alpha': 1.0, 'n_estimators': 500, 'min_child_weight': 10, 'max_depth': 6, 'learning_rate': 0.03, 'gamma': 0.7, 'colsample_bytree': 0.6}",0.8848739495798319,0.9550420168067227,0.9260504201680673,0.9626436781609196,0.9596088435374149,0.9376437816505913,0.029425222388310957,47,0.9996596324029953,0.9997643608943814,0.9994239932973765,0.9997366203118416,0.9999477902211085,0.9997064794255406,0.00016998981948709022
1.2565398216247559,0.029478517138787953,0.01710681915283203,0.001006386951410192,0.8,1.5,1.0,1000,7,5,0.03,0.2,0.65,"{'subsample': 0.8, 'reg_lambda': 1.5, 'reg_alpha': 1.0, 'n_estimators': 1000, 'min_child_weight': 7, 'max_depth': 5, 'learning_rate': 0.03, 'gamma': 0.2, 'colsample_bytree': 0.65}",0.8836134453781512,0.9466386554621848,0.9226890756302522,0.9720853858784892,0.9536564625850341,0.9357366049868222,0.030490233397334022,66,1.0,1.0,1.0,1.0,1.0,1.0,0.0
3.3255470275878904,0.7051730964598245,0.027527761459350587,0.008202176401425789,0.8,3.0,1.5,1200,3,4,0.01,0.4,0.5,"{'subsample': 0.8, 'reg_lambda': 3.0, 'reg_alpha': 1.5, 'n_estimators': 1200, 'min_child_weight': 3, 'max_depth': 4, 'learning_rate': 0.01, 'gamma': 0.4, 'colsample_bytree': 0.5}",0.8907563025210083,0.9529411764705882,0.9247899159663866,0.9626436781609196,0.9664115646258503,0.9395085275489505,0.028400216995456234,33,1.0,1.0,1.0,1.0,1.0,1.0,0.0
0.7717120170593261,0.11286277493119902,0.014985227584838867,0.000611529509992392,0.75,2.0,0.5,500,10,7,0.02,0.2,0.6,"{'subsample': 0.75, 'reg_lambda': 2.0, 'reg_alpha': 0.5, 'n_estimators': 500, 'min_child_weight': 10, 'max_depth': 7, 'learning_rate': 0.02, 'gamma': 0.2, 'colsample_bytree': 0.6}",0.888235294117647,0.9529411764705882,0.9273109243697478,0.9634646962233169,0.9596088435374149,0.938312186943743,0.028031862631807673,41,0.9988218044719066,0.9990050793318321,0.9982719798921297,0.9982353560893383,0.9993995875427468,0.9987467614655907,0.0004439582100129382
0.6871445178985596,0.022467441772020685,0.015488767623901367,0.0017950632486724957,0.75,5.0,0.1,500,10,7,0.02,0.5,0.55,"{'subsample': 0.75, 'reg_lambda': 5.0, 'reg_alpha': 0.1, 'n_estimators': 500, 'min_child_weight': 10, 'max_depth': 7, 'learning_rate': 0.02, 'gamma': 0.5, 'colsample_bytree': 0.55}",0.888235294117647,0.953781512605042,0.9243697478991597,0.9585385878489328,0.9583333333333334,0.9366516951608229,0.02734064472381253,54,0.9982196156464367,0.998088705032204,0.9976697910666597,0.9981036662452591,0.9990080142010598,0.998217958438324,0.00043690902263911424
1.2142857551574706,0.02314178910344886,0.016637754440307618,0.0010814698957634112,0.75,3.0,1.5,1200,7,7,0.03,0.7,0.6,"{'subsample': 0.75, 'reg_lambda': 3.0, 'reg_alpha': 1.5, 'n_estimators': 1200, 'min_child_weight': 7, 'max_depth': 7, 'learning_rate': 0.03, 'gamma': 0.7, 'colsample_bytree': 0.6}",0.8861344537815126,0.9512605042016806,0.9281512605042017,0.9663382594417078,0.9591836734693877,0.938213630279698,0.029032568974316088,44,0.9999214536314605,0.9999476357543069,0.9999476357543069,0.9999209860935524,1.0,0.9999475422467252,2.8766920181849746e-05
2.070947790145874,0.5730008911159848,0.021927404403686523,0.007024538674218094,0.75,1.5,1.0,1200,7,6,0.01,0.7,0.5,"{'subsample': 0.75, 'reg_lambda': 1.5, 'reg_alpha': 1.0, 'n_estimators': 1200, 'min_child_weight': 7, 'max_depth': 6, 'learning_rate': 0.01, 'gamma': 0.7, 'colsample_bytree': 0.5}",0.8903361344537815,0.9537815126050421,0.9252100840336134,0.9618226600985222,0.9630102040816327,0.9388321190545185,0.027835407311941788,36,0.9999214536314605,0.9999476357543069,0.999895271508614,0.9999736620311841,1.0,0.999947604585113,3.700511921676203e-05
1.6859647274017333,0.12258373029199172,0.027895736694335937,0.001323614195002623,0.75,4.0,1.0,500,2,7,0.05,0.7,0.7,"{'subsample': 0.75, 'reg_lambda': 4.0, 'reg_alpha': 1.0, 'n_estimators': 500, 'min_child_weight': 2, 'max_depth': 7, 'learning_rate': 0.05, 'gamma': 0.7, 'colsample_bytree': 0.7}",0.896218487394958,0.9558823529411765,0.930672268907563,0.9667487684729064,0.9715136054421768,0.9442070966317562,0.027843068008766698,5,1.0,1.0,1.0,1.0,1.0,1.0,0.0
1.2932085514068603,0.042674277458235245,0.01630125045776367,0.002341130103859808,0.85,4.0,0.3,500,3,4,0.02,0.7,0.7,"{'subsample': 0.85, 'reg_lambda': 4.0, 'reg_alpha': 0.3, 'n_estimators': 500, 'min_child_weight': 3, 'max_depth': 4, 'learning_rate': 0.02, 'gamma': 0.7, 'colsample_bytree': 0.7}",0.8903361344537816,0.9483193277310925,0.9289915966386555,0.9651067323481117,0.967687074829932,0.9400881732003146,0.028473773718030254,30,1.0,1.0,1.0,1.0,1.0,1.0,0.0
1.5193636894226075,0.0387383782971276,0.016560745239257813,0.00029804986453193616,0.75,2.0,0.1,1000,5,4,0.02,0.3,0.7,"{'subsample': 0.75, 'reg_lambda': 2.0, 'reg_alpha': 0.1, 'n_estimators': 1000, 'min_child_weight': 5, 'max_depth': 4, 'learning_rate': 0.02, 'gamma': 0.3, 'colsample_bytree': 0.7}",0.8836134453781512,0.9495798319327732,0.9256302521008403,0.9737274220032841,0.9600340136054422,0.9385169930040982,0.03164051366223218,39,1.0,1.0,1.0,1.0,1.0,1.0,0.0
1.0982956409454345,0.08007098093764344,0.01903071403503418,0.004030103123018413,0.7,5.0,0.3,700,3,5,0.03,1.0,0.5,"{'subsample': 0.7, 'reg_lambda': 5.0, 'reg_alpha': 0.3, 'n_estimators': 700, 'min_child_weight': 3, 'max_depth': 5, 'learning_rate': 0.03, 'gamma': 1.0, 'colsample_bytree': 0.5}",0.8928571428571429,0.954201680672269,0.9294117647058824,0.9716748768472907,0.969812925170068,0.9435916780505306,0.029542697962597522,6,1.0,1.0,1.0,1.0,1.0,1.0,0.0
1.8692306518554687,0.307280876534215,0.023679828643798827,0.0063475403684144956,0.75,4.0,0.3,700,5,4,0.03,0.4,0.65,"{'subsample': 0.75, 'reg_lambda': 4.0, 'reg_alpha': 0.3, 'n_estimators': 700, 'min_child_weight': 5, 'max_depth': 4, 'learning_rate': 0.03, 'gamma': 0.4, 'colsample_bytree': 0.65}",0.8869747899159663,0.9529411764705882,0.926890756302521,0.972495894909688,0.959608843537415,0.9397822922272357,0.03030264731241613,31,1.0,1.0,1.0,1.0,1.0,1.0,0.0
1.653921937942505,0.5016923091933431,0.0157346248626709,0.0030408853532857237,0.85,1.5,1.5,700,3,4,0.01,0.7,0.5,"{'subsample': 0.85, 'reg_lambda': 1.5, 'reg_alpha': 1.5, 'n_estimators': 700, 'min_child_weight': 3, 'max_depth': 4, 'learning_rate': 0.01, 'gamma': 0.7, 'colsample_bytree': 0.5}",0.8911764705882352,0.9529411764705882,0.9243697478991597,0.9573070607553367,0.967687074829932,0.9386963061086504,0.027760137712971245,38,0.9999476357543069,0.999895271508614,0.9999214536314603,0.9999736620311841,1.0,0.999947604585113,3.7005119216777715e-05
