mean_fit_time,std_fit_time,mean_score_time,std_score_time,param_subsample,param_n_estimators,param_min_child_weight,param_max_depth,param_learning_rate,param_gamma,param_colsample_bytree,params,split0_test_score,split1_test_score,split2_test_score,mean_test_score,std_test_score,rank_test_score
2.2104188601175943,0.14334372035618595,0.026993592580159504,0.0006681579429232892,0.7,500,3,5,0.01,0.0,0.8,"{'subsample': 0.7, 'n_estimators': 500, 'min_child_weight': 3, 'max_depth': 5, 'learning_rate': 0.01, 'gamma': 0, 'colsample_bytree': 0.8}",0.9207786328655501,0.9302851969216841,0.964086313565716,0.93838338111765,0.01858447815356899,1
1.1351346969604492,0.02185294672570142,0.05165815353393555,0.0020636987859448458,0.9,500,1,6,0.05,0.3,0.7,"{'subsample': 0.9, 'n_estimators': 500, 'min_child_weight': 1, 'max_depth': 6, 'learning_rate': 0.05, 'gamma': 0.3, 'colsample_bytree': 0.7}",0.9210804285498717,0.9298325033952015,0.9621246416176248,0.937679191187566,0.017650962930690392,2
2.038576523462931,0.09646848050114704,0.027493635813395183,0.0005080698366750185,0.8,500,1,6,0.05,0.0,0.7,"{'subsample': 0.8, 'n_estimators': 500, 'min_child_weight': 1, 'max_depth': 6, 'learning_rate': 0.05, 'gamma': 0, 'colsample_bytree': 0.7}",0.9225894069714803,0.9280217292892712,0.9616719480911422,0.9374276947839645,0.017286129222742686,3
0.6395286719004313,0.018634771741804775,0.01795824368794759,0.001340983375918666,0.9,200,1,3,0.1,0.3,0.9,"{'subsample': 0.9, 'n_estimators': 200, 'min_child_weight': 1, 'max_depth': 3, 'learning_rate': 0.1, 'gamma': 0.3, 'colsample_bytree': 0.9}",0.9180624717066546,0.9311905839746492,0.9606156631960163,0.93662290629244,0.017791873066203553,4
1.2554463545481365,0.03951294316776742,0.021248737970987957,0.00029244396952920565,0.9,300,3,6,0.05,0.1,0.9,"{'subsample': 0.9, 'n_estimators': 300, 'min_child_weight': 3, 'max_depth': 6, 'learning_rate': 0.05, 'gamma': 0.1, 'colsample_bytree': 0.9}",0.9132337407575072,0.9320959710276144,0.9615210502489815,0.9356169206780344,0.01986980757014606,5
0.8858338991800944,0.02431258405336066,0.025027910868326824,0.0048502932249977655,0.8,300,3,3,0.05,0.1,0.9,"{'subsample': 0.8, 'n_estimators': 300, 'min_child_weight': 3, 'max_depth': 3, 'learning_rate': 0.05, 'gamma': 0.1, 'colsample_bytree': 0.9}",0.9168552889693677,0.9259091594990192,0.9639354157235551,0.9355666213973141,0.020397459180583413,6
2.1164488792419434,0.2007430504850686,0.04750474294026693,0.009669433543776258,0.9,500,1,6,0.01,0.1,0.9,"{'subsample': 0.9, 'n_estimators': 500, 'min_child_weight': 1, 'max_depth': 6, 'learning_rate': 0.01, 'gamma': 0.1, 'colsample_bytree': 0.9}",0.9182133695488155,0.9275690357627886,0.9606156631960163,0.9354660228358735,0.018189015554453264,7
1.2178473472595215,0.047504610521435314,0.0408174991607666,0.012089845555682377,0.9,500,1,4,0.1,0.1,0.9,"{'subsample': 0.9, 'n_estimators': 500, 'min_child_weight': 1, 'max_depth': 4, 'learning_rate': 0.1, 'gamma': 0.1, 'colsample_bytree': 0.9}",0.9156481062320809,0.9340576429757055,0.9563905236155122,0.9353654242744329,0.01665870868355663,8
1.8833518028259277,0.1255598319315717,0.04443168640136719,0.012410775091737714,0.8,500,3,6,0.01,0.1,0.8,"{'subsample': 0.8, 'n_estimators': 500, 'min_child_weight': 3, 'max_depth': 6, 'learning_rate': 0.01, 'gamma': 0.1, 'colsample_bytree': 0.8}",0.9148936170212766,0.9289271163422363,0.9613701524068206,0.9350636285901112,0.019463806963818227,9
0.8949275016784668,0.082563074503222,0.026750802993774414,0.009414978805427993,0.9,300,1,3,0.05,0.1,0.9,"{'subsample': 0.9, 'n_estimators': 300, 'min_child_weight': 1, 'max_depth': 3, 'learning_rate': 0.05, 'gamma': 0.1, 'colsample_bytree': 0.9}",0.9168552889693677,0.9277199336049494,0.9601629696695337,0.9349127307479502,0.01839730143186139,10
1.4287556807200115,0.05060910501208146,0.027576684951782227,0.0009327522513174405,0.7,500,1,3,0.01,0.0,0.9,"{'subsample': 0.7, 'n_estimators': 500, 'min_child_weight': 1, 'max_depth': 3, 'learning_rate': 0.01, 'gamma': 0, 'colsample_bytree': 0.9}",0.9182133695488155,0.9239474875509279,0.9603138675116946,0.934158241537146,0.01864238190979356,11
0.6834706465403239,0.008486327409554658,0.018083890279134113,0.0002735851781184935,0.8,200,3,5,0.1,0.3,0.9,"{'subsample': 0.8, 'n_estimators': 200, 'min_child_weight': 3, 'max_depth': 5, 'learning_rate': 0.1, 'gamma': 0.3, 'colsample_bytree': 0.9}",0.9109702731250943,0.9277199336049495,0.9633318243549117,0.9340073436949852,0.021833943849404316,12
0.4406844774881999,0.03290832356028732,0.025432427724202473,0.0065218121520445845,0.8,200,5,3,0.05,0.3,0.8,"{'subsample': 0.8, 'n_estimators': 200, 'min_child_weight': 5, 'max_depth': 3, 'learning_rate': 0.05, 'gamma': 0.3, 'colsample_bytree': 0.8}",0.9183642673909762,0.9222876112871585,0.9606156631960163,0.9337558472913837,0.01906017557902681,13
0.7687373161315918,0.0876291017907761,0.034171740214029946,0.01033447759074721,0.7,300,5,3,0.01,0.3,0.8,"{'subsample': 0.7, 'n_estimators': 300, 'min_child_weight': 5, 'max_depth': 3, 'learning_rate': 0.01, 'gamma': 0.3, 'colsample_bytree': 0.8}",0.9200241436547458,0.9248528746038931,0.9560887279311906,0.9336552487299432,0.01598488666312472,14
0.5971452395121256,0.021364139269255598,0.0354764461517334,0.0017708195920320142,0.8,200,5,6,0.05,0.3,0.7,"{'subsample': 0.8, 'n_estimators': 200, 'min_child_weight': 5, 'max_depth': 6, 'learning_rate': 0.05, 'gamma': 0.3, 'colsample_bytree': 0.7}",0.9142900256526332,0.9240983853930889,0.9613701524068206,0.9332528544841808,0.020281154011420006,15
1.071180820465088,0.020261965869890517,0.021369536717732746,0.00023931844751651904,0.8,300,5,5,0.05,0.3,0.8,"{'subsample': 0.8, 'n_estimators': 300, 'min_child_weight': 5, 'max_depth': 5, 'learning_rate': 0.05, 'gamma': 0.3, 'colsample_bytree': 0.8}",0.9141391278104722,0.9266636487098234,0.958804889090086,0.9332025552034606,0.018811796498850713,16
0.5724007288614908,0.11692266948019775,0.02446603775024414,0.005830997689316767,0.7,200,5,4,0.05,0.0,0.9,"{'subsample': 0.7, 'n_estimators': 200, 'min_child_weight': 5, 'max_depth': 4, 'learning_rate': 0.05, 'gamma': 0, 'colsample_bytree': 0.9}",0.9111211709672551,0.9259091594990192,0.9594084804587295,0.9321462703083346,0.02020053180681337,17
0.55246901512146,0.02055635291403119,0.01842983563741048,0.0005901583178761701,0.7,200,5,3,0.05,0.1,0.7,"{'subsample': 0.7, 'n_estimators': 200, 'min_child_weight': 5, 'max_depth': 3, 'learning_rate': 0.05, 'gamma': 0.1, 'colsample_bytree': 0.7}",0.9156481062320808,0.9242492832352498,0.9557869322468688,0.9318947739047331,0.017255366008756497,18
0.9105072816212972,0.03265705456005507,0.021387497584025066,0.0003676525983701695,0.8,300,3,4,0.1,0.0,0.7,"{'subsample': 0.8, 'n_estimators': 300, 'min_child_weight': 3, 'max_depth': 4, 'learning_rate': 0.1, 'gamma': 0, 'colsample_bytree': 0.7}",0.9099139882299683,0.9260600573411801,0.9580503998792818,0.9313414818168101,0.020003309975882788,19
0.6483719348907471,0.05315718806830443,0.039542436599731445,0.013321860948756916,0.7,300,1,3,0.1,0.0,0.9,"{'subsample': 0.7, 'n_estimators': 300, 'min_child_weight': 1, 'max_depth': 3, 'learning_rate': 0.1, 'gamma': 0, 'colsample_bytree': 0.9}",0.9188169609174588,0.9195714501282631,0.9551833408782254,0.9311905839746492,0.016968237020344543,20
1.6084842681884766,0.07061003890420478,0.027173201243082683,0.00023051853353487592,0.8,500,5,4,0.05,0.1,0.9,"{'subsample': 0.8, 'n_estimators': 500, 'min_child_weight': 5, 'max_depth': 4, 'learning_rate': 0.05, 'gamma': 0.1, 'colsample_bytree': 0.9}",0.9129319450731854,0.9231929983401237,0.9533725667722952,0.9298325033952014,0.01716436699259893,21
0.6563694477081299,0.028503323345288697,0.03396129608154297,0.009002556817180337,0.9,300,5,3,0.1,0.0,0.8,"{'subsample': 0.9, 'n_estimators': 300, 'min_child_weight': 5, 'max_depth': 3, 'learning_rate': 0.1, 'gamma': 0, 'colsample_bytree': 0.8}",0.9129319450731854,0.9221367134449978,0.9494492228761128,0.928172627131432,0.015507032491885852,22
1.584996223449707,0.42221544054138016,0.043412208557128906,0.020153636051862742,0.8,200,3,5,0.01,0.0,0.9,"{'subsample': 0.8, 'n_estimators': 200, 'min_child_weight': 3, 'max_depth': 5, 'learning_rate': 0.01, 'gamma': 0, 'colsample_bytree': 0.9}",0.9085559076505206,0.918816960917459,0.9548815451939038,0.9274181379206278,0.019866242017219517,23
1.3720775445302327,0.022655955236974314,0.03231970469156901,0.007498642822271434,0.9,500,3,4,0.1,0.1,0.8,"{'subsample': 0.9, 'n_estimators': 500, 'min_child_weight': 3, 'max_depth': 4, 'learning_rate': 0.1, 'gamma': 0.1, 'colsample_bytree': 0.8}",0.9105175795986118,0.9157990040742416,0.9524671797193299,0.9262612544640612,0.018655405829347823,24
0.7856113115946451,0.023798932165124787,0.036620378494262695,0.012682569562467069,0.8,300,5,6,0.1,0.3,0.9,"{'subsample': 0.8, 'n_estimators': 300, 'min_child_weight': 5, 'max_depth': 6, 'learning_rate': 0.1, 'gamma': 0.3, 'colsample_bytree': 0.9}",0.9040289723856949,0.9164025954428852,0.9550324430360646,0.9251546702882149,0.02172230213658259,25
0.59651780128479,0.05253770444233876,0.02269752820332845,0.006140425591347858,0.7,200,1,3,0.01,0.3,0.9,"{'subsample': 0.7, 'n_estimators': 200, 'min_child_weight': 1, 'max_depth': 3, 'learning_rate': 0.01, 'gamma': 0.3, 'colsample_bytree': 0.9}",0.9129319450731854,0.9121774558623812,0.9500528142447564,0.9250540717267745,0.017679463775853575,26
1.4253851572672527,0.0449133785025422,0.026566584904988606,0.00017985563262083612,0.8,500,5,6,0.1,0.0,0.7,"{'subsample': 0.8, 'n_estimators': 500, 'min_child_weight': 5, 'max_depth': 6, 'learning_rate': 0.1, 'gamma': 0, 'colsample_bytree': 0.7}",0.9082541119661989,0.9162516976007243,0.9464312660328957,0.9236456918666063,0.01643932554498509,27
1.1914169788360596,0.09136661056145294,0.0257418155670166,0.0004599945689294862,0.7,500,5,3,0.1,0.3,0.8,"{'subsample': 0.7, 'n_estimators': 500, 'min_child_weight': 5, 'max_depth': 3, 'learning_rate': 0.1, 'gamma': 0.3, 'colsample_bytree': 0.8}",0.9037271767013731,0.9191187566017806,0.9465821638750566,0.9231426990594035,0.017725340919915334,28
1.2891292572021484,0.04289427219045639,0.02646478017171224,0.0001904693716102491,0.7,500,5,3,0.1,0.1,0.7,"{'subsample': 0.7, 'n_estimators': 500, 'min_child_weight': 5, 'max_depth': 3, 'learning_rate': 0.1, 'gamma': 0.1, 'colsample_bytree': 0.7}",0.908103214124038,0.9081032141240379,0.9420552286102308,0.9194205522861022,0.0160051331187539,29
1.327729304631551,0.05615383138661962,0.027179400126139324,0.0002846820557169948,0.7,500,5,5,0.1,0.3,0.7,"{'subsample': 0.7, 'n_estimators': 500, 'min_child_weight': 5, 'max_depth': 5, 'learning_rate': 0.1, 'gamma': 0.3, 'colsample_bytree': 0.7}",0.900709219858156,0.913384638599668,0.9434133091896786,0.9191690558825009,0.01790725037305871,30
