mean_fit_time,std_fit_time,mean_score_time,std_score_time,param_subsample,param_reg_lambda,param_reg_alpha,param_n_estimators,param_min_child_weight,param_max_depth,param_learning_rate,param_gamma,param_colsample_bytree,params,split0_test_score,split1_test_score,split2_test_score,split3_test_score,split4_test_score,mean_test_score,std_test_score,rank_test_score,split0_train_score,split1_train_score,split2_train_score,split3_train_score,split4_train_score,mean_train_score,std_train_score,gap
0.7234777450561524,0.1850734945382633,0.028290414810180665,0.012026944059611742,0.8,5.0,1.0,200,3,4,0.1,0.5,0.6,"{'subsample': 0.8, 'reg_lambda': 5.0, 'reg_alpha': 1.0, 'n_estimators': 200, 'min_child_weight': 3, 'max_depth': 4, 'learning_rate': 0.1, 'gamma': 0.5, 'colsample_bytree': 0.6}",0.8848739495798319,0.9495798319327731,0.9289915966386555,0.9692118226600985,0.9638605442176872,0.9393035490058093,0.03056818768885673,28,1.0,1.0,1.0,1.0,1.0,1.0,0.0,0.06069645099419074
2.1798049926757814,0.06514849682665512,0.0338325023651123,0.0007238998280562767,0.9,0.5,0.0,700,7,5,0.05,0.2,0.7,"{'subsample': 0.9, 'reg_lambda': 0.5, 'reg_alpha': 0, 'n_estimators': 700, 'min_child_weight': 7, 'max_depth': 5, 'learning_rate': 0.05, 'gamma': 0.2, 'colsample_bytree': 0.7}",0.8819327731092437,0.9407563025210084,0.9226890756302522,0.9683908045977011,0.9523809523809524,0.9332299816478316,0.02967221919554302,63,1.0,1.0,1.0,1.0,1.0,1.0,0.0,0.06677001835216845
0.8535791873931885,0.07575410669015194,0.025331687927246094,0.008198171644342812,0.6,1.0,1.0,300,1,6,0.1,0.5,0.6,"{'subsample': 0.6, 'reg_lambda': 1.0, 'reg_alpha': 1.0, 'n_estimators': 300, 'min_child_weight': 1, 'max_depth': 6, 'learning_rate': 0.1, 'gamma': 0.5, 'colsample_bytree': 0.6}",0.8819327731092437,0.9630252100840335,0.9197478991596639,0.9663382594417077,0.96343537414966,0.9388959031888617,0.03331346949735203,32,1.0,1.0,1.0,1.0,1.0,1.0,0.0,0.061104096811138264
0.5941618919372559,0.04307584961438813,0.03294415473937988,0.006085665780078141,0.8,0.5,0.01,200,2,4,0.1,0.1,0.8,"{'subsample': 0.8, 'reg_lambda': 0.5, 'reg_alpha': 0.01, 'n_estimators': 200, 'min_child_weight': 2, 'max_depth': 4, 'learning_rate': 0.1, 'gamma': 0.1, 'colsample_bytree': 0.8}",0.8760504201680672,0.9470588235294117,0.9260504201680673,0.972495894909688,0.967687074829932,0.9378685267210333,0.035025156487052504,35,1.0,1.0,1.0,1.0,1.0,1.0,0.0,0.06213147327896673
0.7140707492828369,0.08845257491432192,0.033295726776123045,0.0078843077265579,0.8,3.0,0.0,300,7,3,0.01,1.0,0.6,"{'subsample': 0.8, 'reg_lambda': 3.0, 'reg_alpha': 0, 'n_estimators': 300, 'min_child_weight': 7, 'max_depth': 3, 'learning_rate': 0.01, 'gamma': 1.0, 'colsample_bytree': 0.6}",0.896218487394958,0.9563025210084033,0.911344537815126,0.9339080459770115,0.9540816326530613,0.9303710449697119,0.023560768057773723,69,0.9867518458396606,0.9824841598156778,0.9842907262920877,0.9851453855878635,0.9852768423525726,0.9847897919775725,0.0013984510335077018,0.054418747007860646
0.6808128356933594,0.0667837315164676,0.02353968620300293,0.008278514253418997,0.9,0.5,0.1,200,10,6,0.03,0.0,0.6,"{'subsample': 0.9, 'reg_lambda': 0.5, 'reg_alpha': 0.1, 'n_estimators': 200, 'min_child_weight': 10, 'max_depth': 6, 'learning_rate': 0.03, 'gamma': 0, 'colsample_bytree': 0.6}",0.8966386554621849,0.9613445378151261,0.919327731092437,0.951559934318555,0.9608843537414965,0.9379510424859598,0.025736881608433473,34,0.9985599832434414,0.9991359899460649,0.9983505262606692,0.9991308470290771,0.9995301119899758,0.9989414916938457,0.00042777276843027003,0.06099044920788588
0.8676146030426025,0.053652362876660184,0.022631120681762696,0.000638510637286726,0.6,1.0,0.3,300,7,5,0.1,0.0,0.4,"{'subsample': 0.6, 'reg_lambda': 1.0, 'reg_alpha': 0.3, 'n_estimators': 300, 'min_child_weight': 7, 'max_depth': 5, 'learning_rate': 0.1, 'gamma': 0, 'colsample_bytree': 0.4}",0.8911764705882352,0.9533613445378151,0.91890756302521,0.9667487684729064,0.9502551020408163,0.9360898497329966,0.027391132896421484,45,1.0,1.0,1.0,1.0,1.0,1.0,0.0,0.06391015026700342
0.2632736682891846,0.0481318285591433,0.016873741149902345,0.0010806278119784131,0.6,1.5,0.3,100,5,3,0.03,1.0,0.4,"{'subsample': 0.6, 'reg_lambda': 1.5, 'reg_alpha': 0.3, 'n_estimators': 100, 'min_child_weight': 5, 'max_depth': 3, 'learning_rate': 0.03, 'gamma': 1.0, 'colsample_bytree': 0.4}",0.9088235294117647,0.957983193277311,0.9147058823529413,0.9281609195402298,0.9545068027210885,0.9328360654606669,0.020145278887291306,65,0.985311829083102,0.9852332827145626,0.9862282033827302,0.9838284871470713,0.9863993525987418,0.9854002309852415,0.0009154067515347759,0.05256416552457466
1.7933789253234864,0.14270757195838588,0.03508462905883789,0.0005116069535065449,0.8,3.0,0.3,700,2,3,0.03,1.0,0.7,"{'subsample': 0.8, 'reg_lambda': 3.0, 'reg_alpha': 0.3, 'n_estimators': 700, 'min_child_weight': 2, 'max_depth': 3, 'learning_rate': 0.03, 'gamma': 1.0, 'colsample_bytree': 0.7}",0.880672268907563,0.9563025210084034,0.9277310924369748,0.9638752052545156,0.9681122448979591,0.9393386665010832,0.032539867515895445,27,1.0,1.0,1.0,1.0,1.0,1.0,0.0,0.06066133349891678
0.3250701427459717,0.04437011691058758,0.016964435577392578,0.0013178218457260123,0.7,1.0,0.1,100,1,3,0.01,0.7,0.6,"{'subsample': 0.7, 'reg_lambda': 1.0, 'reg_alpha': 0.1, 'n_estimators': 100, 'min_child_weight': 1, 'max_depth': 3, 'learning_rate': 0.01, 'gamma': 0.7, 'colsample_bytree': 0.6}",0.8903361344537816,0.9256302521008404,0.8957983193277311,0.9059934318555009,0.9468537414965986,0.9129223758468905,0.020804853138221675,80,0.97494370843588,0.9721684034141489,0.9738964235220191,0.9709492203961231,0.9721199780718927,0.9728155467680129,0.0014200810610534808,0.05989317092112234
0.7233688831329346,0.09409995213663452,0.028947162628173827,0.008034768806688368,0.8,3.0,0.01,200,7,5,0.03,0.7,0.7,"{'subsample': 0.8, 'reg_lambda': 3.0, 'reg_alpha': 0.01, 'n_estimators': 200, 'min_child_weight': 7, 'max_depth': 5, 'learning_rate': 0.03, 'gamma': 0.7, 'colsample_bytree': 0.7}",0.8899159663865547,0.9571428571428572,0.9260504201680673,0.949096880131363,0.9638605442176872,0.9372133336093057,0.02687054149854098,40,0.9987432581033671,0.9989265329632927,0.9987170759805205,0.9988674673409187,0.9998172657738795,0.9990143200323957,0.00040885761384781816,0.061800986423089954
0.4272545337677002,0.02110158768337616,0.030567502975463866,0.0025466084511256344,0.8,3.0,0.01,100,1,6,0.03,1.0,0.5,"{'subsample': 0.8, 'reg_lambda': 3.0, 'reg_alpha': 0.01, 'n_estimators': 100, 'min_child_weight': 1, 'max_depth': 6, 'learning_rate': 0.03, 'gamma': 1.0, 'colsample_bytree': 0.5}",0.9067226890756304,0.9491596638655462,0.9155462184873949,0.9326765188834155,0.9672619047619047,0.9342733990147783,0.02200973115440354,57,0.9998429072629208,0.9999476357543069,0.9999738178771534,1.0,1.0,0.9999528721788762,5.831035621126604e-05,0.06567947316409783
0.2885308742523193,0.06905003870048855,0.02632765769958496,0.005288078250290805,0.8,2.0,0.5,100,7,3,0.01,0.3,0.6,"{'subsample': 0.8, 'reg_lambda': 2.0, 'reg_alpha': 0.5, 'n_estimators': 100, 'min_child_weight': 7, 'max_depth': 3, 'learning_rate': 0.01, 'gamma': 0.3, 'colsample_bytree': 0.6}",0.895798319327731,0.9277310924369748,0.8949579831932774,0.9113300492610837,0.9413265306122449,0.9142287949662624,0.0180889394904332,79,0.9652039587369744,0.9580562391998743,0.9675865319160077,0.9669458491361147,0.9627744276502989,0.9641134013278541,0.0034570732038906836,0.049884606361591644
0.5824217319488525,0.08303550078864454,0.03456306457519531,0.004763015631120526,0.8,0.5,0.05,200,2,4,0.07,0.2,0.5,"{'subsample': 0.8, 'reg_lambda': 0.5, 'reg_alpha': 0.05, 'n_estimators': 200, 'min_child_weight': 2, 'max_depth': 4, 'learning_rate': 0.07, 'gamma': 0.2, 'colsample_bytree': 0.5}",0.8903361344537816,0.9487394957983193,0.9302521008403362,0.9749589490968802,0.9698129251700681,0.942819921071877,0.03068901666956743,5,1.0,1.0,1.0,1.0,1.0,1.0,0.0,0.057180078928123046
1.0931687355041504,0.11390882599607999,0.027381372451782227,0.009022865904709116,0.9,1.0,0.01,300,10,6,0.03,1.0,0.8,"{'subsample': 0.9, 'reg_lambda': 1.0, 'reg_alpha': 0.01, 'n_estimators': 300, 'min_child_weight': 10, 'max_depth': 6, 'learning_rate': 0.03, 'gamma': 1.0, 'colsample_bytree': 0.8}",0.8865546218487395,0.953781512605042,0.923109243697479,0.9597701149425287,0.9659863945578232,0.9378403775303225,0.029578595249887374,36,0.9996072681573022,0.9997643608943814,0.9993192648059905,0.9997629582806574,0.9999216853316626,0.9996751074939988,0.0002038189169020998,0.06183472996367634
0.6461657524108887,0.04231911482720381,0.01971721649169922,0.0004111829605914869,0.6,4.0,0.3,200,10,6,0.05,0.5,0.7,"{'subsample': 0.6, 'reg_lambda': 4.0, 'reg_alpha': 0.3, 'n_estimators': 200, 'min_child_weight': 10, 'max_depth': 6, 'learning_rate': 0.05, 'gamma': 0.5, 'colsample_bytree': 0.7}",0.8831932773109243,0.9600840336134454,0.9134453781512605,0.9536124794745485,0.953656462585034,0.9327983262270425,0.02982615675044314,66,0.9957061318531706,0.9951301251505471,0.9938472011310677,0.9946270543615676,0.9965541545931553,0.9951729334179017,0.0009218953405451541,0.06237460719085919
1.7913848876953125,0.08019813823615662,0.02999844551086426,0.001642790700731668,0.9,2.0,0.3,500,3,5,0.03,0.7,0.6,"{'subsample': 0.9, 'reg_lambda': 2.0, 'reg_alpha': 0.3, 'n_estimators': 500, 'min_child_weight': 3, 'max_depth': 5, 'learning_rate': 0.03, 'gamma': 0.7, 'colsample_bytree': 0.6}",0.8894957983193278,0.9512605042016806,0.9302521008403362,0.9663382594417077,0.971938775510204,0.9418570876626513,0.0298966228824632,8,1.0,1.0,1.0,1.0,1.0,1.0,0.0,0.058142912337348696
0.7681832313537598,0.048476288912437555,0.026707887649536133,0.008613034208529952,0.9,2.0,0.0,200,10,5,0.05,0.3,0.5,"{'subsample': 0.9, 'reg_lambda': 2.0, 'reg_alpha': 0, 'n_estimators': 200, 'min_child_weight': 10, 'max_depth': 5, 'learning_rate': 0.05, 'gamma': 0.3, 'colsample_bytree': 0.5}",0.892436974789916,0.953781512605042,0.9159663865546218,0.9564860426929392,0.9562074829931972,0.9349756799271433,0.026222277474451054,53,0.9993978111745301,0.9998167251400744,0.9994239932973765,0.9994995785924989,0.9999477902211084,0.9996171796851178,0.00022288797900870747,0.06464149975797451
2.219924974441528,0.2580918770836308,0.05421490669250488,0.01621746479571929,0.9,2.0,0.01,700,2,6,0.03,0.2,0.4,"{'subsample': 0.9, 'reg_lambda': 2.0, 'reg_alpha': 0.01, 'n_estimators': 700, 'min_child_weight': 2, 'max_depth': 6, 'learning_rate': 0.03, 'gamma': 0.2, 'colsample_bytree': 0.4}",0.8945378151260504,0.953781512605042,0.9327731092436975,0.9749589490968801,0.9689625850340137,0.9450027942211368,0.02913687696687882,1,1.0,1.0,1.0,1.0,1.0,1.0,0.0,0.054997205778863245
3.324953031539917,0.1576598392883768,0.042788362503051756,0.006552529019901333,0.8,4.0,0.05,700,5,6,0.01,0.5,0.6,"{'subsample': 0.8, 'reg_lambda': 4.0, 'reg_alpha': 0.05, 'n_estimators': 700, 'min_child_weight': 5, 'max_depth': 6, 'learning_rate': 0.01, 'gamma': 0.5, 'colsample_bytree': 0.6}",0.8878151260504201,0.9592436974789915,0.9252100840336135,0.9573070607553366,0.9638605442176871,0.9386873025072097,0.02888794428443977,33,0.9998429072629209,0.999895271508614,0.9997905430172278,0.9999209860935524,1.0,0.9998899415764629,7.098919218853816e-05,0.06120263906925327
0.3361865520477295,0.03206007592264493,0.01702456474304199,0.0008718183222451097,0.7,0.5,0.1,100,1,3,0.1,0.2,0.4,"{'subsample': 0.7, 'reg_lambda': 0.5, 'reg_alpha': 0.1, 'n_estimators': 100, 'min_child_weight': 1, 'max_depth': 3, 'learning_rate': 0.1, 'gamma': 0.2, 'colsample_bytree': 0.4}",0.8936974789915967,0.9563025210084034,0.9315126050420167,0.964696223316913,0.9617346938775511,0.9415887044472961,0.026651123695263818,11,1.0,1.0,1.0,1.0,1.0,1.0,0.0,0.05841129555270386
0.3691883563995361,0.021221451651058803,0.03201904296875,0.0006539608165805013,0.6,2.0,0.05,100,1,5,0.03,1.0,0.7,"{'subsample': 0.6, 'reg_lambda': 2.0, 'reg_alpha': 0.05, 'n_estimators': 100, 'min_child_weight': 1, 'max_depth': 5, 'learning_rate': 0.03, 'gamma': 1.0, 'colsample_bytree': 0.7}",0.8970588235294118,0.9483193277310924,0.919327731092437,0.937192118226601,0.9693877551020407,0.9342571511363165,0.02468651995319498,59,0.9993716290516834,0.9994239932973765,0.9994501754202231,0.9999209860935524,0.9998433706633252,0.9996020309052321,0.00023143888318508427,0.06534487976891568
0.5680077075958252,0.05374315575497047,0.027601289749145507,0.010376670085821205,0.7,1.5,0.05,200,10,4,0.07,1.0,0.4,"{'subsample': 0.7, 'reg_lambda': 1.5, 'reg_alpha': 0.05, 'n_estimators': 200, 'min_child_weight': 10, 'max_depth': 4, 'learning_rate': 0.07, 'gamma': 1.0, 'colsample_bytree': 0.4}",0.8991596638655461,0.95,0.9121848739495798,0.9564860426929394,0.9464285714285714,0.9328518303873274,0.02280021395953959,64,0.9990050793318322,0.9990836257003718,0.9990050793318321,0.9989991571849979,0.9989296995327225,0.9990045282163514,4.8754895767173356e-05,0.066152697829024
0.7659820556640625,0.025679344525194502,0.042621183395385745,0.009732834510378314,0.9,4.0,0.0,300,1,4,0.07,0.5,0.5,"{'subsample': 0.9, 'reg_lambda': 4.0, 'reg_alpha': 0, 'n_estimators': 300, 'min_child_weight': 1, 'max_depth': 4, 'learning_rate': 0.07, 'gamma': 0.5, 'colsample_bytree': 0.5}",0.8890756302521008,0.9466386554621848,0.9239495798319328,0.9700328407224958,0.9685374149659863,0.9396468242469401,0.030366794619711857,24,1.0,1.0,1.0,1.0,1.0,1.0,0.0,0.06035317575305987
2.071119022369385,0.045489099502480666,0.037236499786376956,0.0009322844405046376,0.9,1.0,0.5,700,3,3,0.01,0.1,0.6,"{'subsample': 0.9, 'reg_lambda': 1.0, 'reg_alpha': 0.5, 'n_estimators': 700, 'min_child_weight': 3, 'max_depth': 3, 'learning_rate': 0.01, 'gamma': 0.1, 'colsample_bytree': 0.6}",0.8957983193277311,0.9533613445378152,0.930672268907563,0.9556650246305418,0.9685374149659864,0.9408068744739275,0.02559625944147799,15,0.9997643608943814,0.9998429072629209,0.9997905430172278,0.999657606405394,1.0,0.9998110835159849,0.00011212700632380653,0.05900420904205739
1.6769184589385986,0.032569739292499185,0.02975630760192871,0.0005601263231167066,0.7,0.5,0.5,500,5,6,0.07,0.2,0.4,"{'subsample': 0.7, 'reg_lambda': 0.5, 'reg_alpha': 0.5, 'n_estimators': 500, 'min_child_weight': 5, 'max_depth': 6, 'learning_rate': 0.07, 'gamma': 0.2, 'colsample_bytree': 0.4}",0.8785714285714286,0.9436974789915966,0.9226890756302522,0.9683908045977012,0.9540816326530611,0.933486084088808,0.03123774480519916,62,1.0,1.0,1.0,1.0,1.0,1.0,0.0,0.06651391591119205
1.8139214038848877,0.14837661592859064,0.06478781700134277,0.015879173243429242,0.7,0.5,0.01,700,3,5,0.05,0.1,0.6,"{'subsample': 0.7, 'reg_lambda': 0.5, 'reg_alpha': 0.01, 'n_estimators': 700, 'min_child_weight': 3, 'max_depth': 5, 'learning_rate': 0.05, 'gamma': 0.1, 'colsample_bytree': 0.6}",0.8836134453781512,0.9504201680672268,0.9256302521008403,0.9729064039408868,0.9630102040816326,0.9391160947137476,0.03194654149913966,30,1.0,1.0,1.0,1.0,1.0,1.0,0.0,0.06088390528625243
0.3062740802764893,0.07144604922321038,0.036832332611083984,0.004509218882594093,0.7,0.5,0.01,100,10,3,0.05,0.0,0.8,"{'subsample': 0.7, 'reg_lambda': 0.5, 'reg_alpha': 0.01, 'n_estimators': 100, 'min_child_weight': 10, 'max_depth': 3, 'learning_rate': 0.05, 'gamma': 0, 'colsample_bytree': 0.8}",0.8886554621848739,0.9609243697478992,0.9176470588235295,0.9490968801313628,0.9519557823129251,0.9336559106401181,0.026826111912992782,61,0.9946064826936167,0.9934806514112164,0.9909933497407969,0.992704382638011,0.9937609314224554,0.9931091595812193,0.0012202692219574977,0.059453248941101156
1.6023630142211913,0.08181806869849569,0.038161516189575195,0.0058404843113657404,0.9,2.0,0.1,700,5,5,0.07,1.0,0.4,"{'subsample': 0.9, 'reg_lambda': 2.0, 'reg_alpha': 0.1, 'n_estimators': 700, 'min_child_weight': 5, 'max_depth': 5, 'learning_rate': 0.07, 'gamma': 1.0, 'colsample_bytree': 0.4}",0.8899159663865546,0.95,0.9352941176470588,0.9688013136288998,0.9630102040816326,0.941404320348829,0.028212338903856965,13,1.0,1.0,1.0,1.0,1.0,1.0,0.0,0.05859567965117096
1.0012921333312987,0.04325298352977224,0.022914028167724608,0.0005470122542353702,0.9,1.0,0.05,300,5,4,0.1,0.0,0.4,"{'subsample': 0.9, 'reg_lambda': 1.0, 'reg_alpha': 0.05, 'n_estimators': 300, 'min_child_weight': 5, 'max_depth': 4, 'learning_rate': 0.1, 'gamma': 0, 'colsample_bytree': 0.4}",0.8848739495798319,0.9483193277310925,0.9226890756302522,0.9737274220032841,0.9519557823129252,0.9363131114514772,0.030398272125944575,43,1.0,1.0,1.0,1.0,1.0,1.0,0.0,0.06368688854852278
1.4640082836151123,0.18541463881528955,0.02619800567626953,0.004896186051450674,0.6,4.0,0.3,300,1,6,0.07,0.0,0.8,"{'subsample': 0.6, 'reg_lambda': 4.0, 'reg_alpha': 0.3, 'n_estimators': 300, 'min_child_weight': 1, 'max_depth': 6, 'learning_rate': 0.07, 'gamma': 0, 'colsample_bytree': 0.8}",0.8991596638655462,0.9504201680672268,0.9151260504201681,0.9626436781609196,0.9702380952380951,0.939517531150391,0.0276446776402028,26,1.0,1.0,1.0,1.0,1.0,1.0,0.0,0.06048246884960895
0.7742008686065673,0.06851131367405681,0.04144697189331055,0.010692558354213988,0.6,1.5,0.3,300,7,5,0.07,0.3,0.5,"{'subsample': 0.6, 'reg_lambda': 1.5, 'reg_alpha': 0.3, 'n_estimators': 300, 'min_child_weight': 7, 'max_depth': 5, 'learning_rate': 0.07, 'gamma': 0.3, 'colsample_bytree': 0.5}",0.8928571428571428,0.9647058823529412,0.9134453781512605,0.9651067323481117,0.9426020408163265,0.9357434353051565,0.028581478109297908,47,0.9998429072629209,1.0,1.0,0.9999209860935524,1.0,0.9999527786712946,6.288410933077172e-05,0.06420934336613815
0.6931459426879882,0.06520895155593558,0.03911933898925781,0.00866166022703795,0.9,2.0,0.1,300,1,3,0.05,0.7,0.6,"{'subsample': 0.9, 'reg_lambda': 2.0, 'reg_alpha': 0.1, 'n_estimators': 300, 'min_child_weight': 1, 'max_depth': 3, 'learning_rate': 0.05, 'gamma': 0.7, 'colsample_bytree': 0.6}",0.8831932773109245,0.9445378151260504,0.9310924369747899,0.963464696223317,0.9642857142857143,0.9373147879841591,0.02977003949345599,39,1.0,1.0,1.0,1.0,1.0,1.0,0.0,0.06268521201584087
0.8445478439331054,0.09641890466656888,0.02295370101928711,0.0005987653783936512,0.7,0.5,0.3,300,3,4,0.1,0.5,0.5,"{'subsample': 0.7, 'reg_lambda': 0.5, 'reg_alpha': 0.3, 'n_estimators': 300, 'min_child_weight': 3, 'max_depth': 4, 'learning_rate': 0.1, 'gamma': 0.5, 'colsample_bytree': 0.5}",0.8907563025210085,0.9432773109243697,0.9205882352941177,0.9720853858784892,0.9621598639455782,0.9377734197127126,0.029353849408462182,37,1.0,1.0,1.0,1.0,1.0,1.0,0.0,0.06222658028728745
1.1921535968780517,0.01627757821223311,0.022728776931762694,0.001701615347312471,0.7,1.5,0.1,300,1,5,0.05,0.7,0.5,"{'subsample': 0.7, 'reg_lambda': 1.5, 'reg_alpha': 0.1, 'n_estimators': 300, 'min_child_weight': 1, 'max_depth': 5, 'learning_rate': 0.05, 'gamma': 0.7, 'colsample_bytree': 0.5}",0.9008403361344537,0.9478991596638655,0.9222689075630253,0.9782430213464697,0.9698129251700681,0.9438128699755763,0.02894448803525711,4,1.0,1.0,1.0,1.0,1.0,1.0,0.0,0.05618713002442366
1.4330517292022704,0.020423468132385436,0.03049025535583496,0.0015071264404860345,0.6,0.5,0.01,500,2,3,0.05,0.1,0.5,"{'subsample': 0.6, 'reg_lambda': 0.5, 'reg_alpha': 0.01, 'n_estimators': 500, 'min_child_weight': 2, 'max_depth': 3, 'learning_rate': 0.05, 'gamma': 0.1, 'colsample_bytree': 0.5}",0.9008403361344538,0.953781512605042,0.9197478991596639,0.9741379310344828,0.9591836734693877,0.941538270480606,0.0270375192461524,12,1.0,1.0,1.0,1.0,1.0,1.0,0.0,0.05846172951939399
0.4830953598022461,0.05665834389597376,0.01638031005859375,0.00046898450812382257,0.9,4.0,0.01,100,3,5,0.01,0.5,0.5,"{'subsample': 0.9, 'reg_lambda': 4.0, 'reg_alpha': 0.01, 'n_estimators': 100, 'min_child_weight': 3, 'max_depth': 5, 'learning_rate': 0.01, 'gamma': 0.5, 'colsample_bytree': 0.5}",0.8983193277310925,0.9361344537815126,0.9016806722689076,0.9199507389162561,0.9562074829931972,0.9224585351381933,0.021664404878081005,77,0.9906006178980992,0.9925119128658952,0.9927475519715139,0.9917298777918246,0.9916203304879003,0.9918420582030466,0.0007578318928557999,0.06938352306485329
0.4150528430938721,0.05540367878458234,0.03158435821533203,0.004904689830207158,0.6,4.0,0.1,100,3,6,0.1,0.0,0.7,"{'subsample': 0.6, 'reg_lambda': 4.0, 'reg_alpha': 0.1, 'n_estimators': 100, 'min_child_weight': 3, 'max_depth': 6, 'learning_rate': 0.1, 'gamma': 0, 'colsample_bytree': 0.7}",0.8903361344537815,0.9462184873949581,0.9184873949579833,0.9626436781609196,0.953656462585034,0.9342684315105352,0.02646863066504402,58,1.0,0.9999738178771534,1.0,1.0,1.0,0.9999947635754307,1.0472849138620789e-05,0.06572633206489553
1.0942952632904053,0.045022148759438205,0.05425262451171875,0.010797419828435507,0.6,2.0,0.5,500,10,6,0.07,0.0,0.5,"{'subsample': 0.6, 'reg_lambda': 2.0, 'reg_alpha': 0.5, 'n_estimators': 500, 'min_child_weight': 10, 'max_depth': 6, 'learning_rate': 0.07, 'gamma': 0, 'colsample_bytree': 0.5}",0.880672268907563,0.9390756302521008,0.9096638655462185,0.9642857142857144,0.9413265306122448,0.9270048019207684,0.02894164793457863,71,0.9993978111745301,0.9997643608943813,0.9990574435775252,0.9998156342182891,0.9996867413266505,0.9995443982382752,0.00028313484088931065,0.07253959631750684
0.7925787925720215,0.14320172092114747,0.024952173233032227,0.009580416019266673,0.8,5.0,0.5,200,3,6,0.01,1.0,0.5,"{'subsample': 0.8, 'reg_lambda': 5.0, 'reg_alpha': 0.5, 'n_estimators': 200, 'min_child_weight': 3, 'max_depth': 6, 'learning_rate': 0.01, 'gamma': 1.0, 'colsample_bytree': 0.5}",0.8962184873949581,0.9411764705882354,0.9071428571428571,0.9252873563218391,0.9566326530612245,0.9252915649018227,0.021950915618416725,74,0.9937948368853746,0.9936115620254491,0.9939257474996073,0.9942846607669616,0.9948834416686245,0.9941000497692034,0.0004494308734414112,0.06880848486738067
3.5325308799743653,0.22001351521636237,0.04965596199035645,0.013995892260301927,0.8,4.0,0.05,700,2,6,0.01,0.7,0.6,"{'subsample': 0.8, 'reg_lambda': 4.0, 'reg_alpha': 0.05, 'n_estimators': 700, 'min_child_weight': 2, 'max_depth': 6, 'learning_rate': 0.01, 'gamma': 0.7, 'colsample_bytree': 0.6}",0.8974789915966387,0.9571428571428571,0.9260504201680673,0.9610016420361248,0.9723639455782312,0.9428075713043838,0.027370006001478462,6,1.0,1.0,1.0,1.0,1.0,1.0,0.0,0.05719242869561625
1.6544659614562989,0.3082478749426493,0.055735301971435544,0.011677953271524119,0.8,0.5,0.05,500,3,5,0.03,0.2,0.6,"{'subsample': 0.8, 'reg_lambda': 0.5, 'reg_alpha': 0.05, 'n_estimators': 500, 'min_child_weight': 3, 'max_depth': 5, 'learning_rate': 0.03, 'gamma': 0.2, 'colsample_bytree': 0.6}",0.8911764705882353,0.9537815126050421,0.9285714285714286,0.9753694581280788,0.9727891156462585,0.9443375971078087,0.03142079021473402,3,1.0,1.0,1.0,1.0,1.0,1.0,0.0,0.055662402892191265
0.812921142578125,0.04374653679502382,0.03460531234741211,0.013805486732458948,0.7,0.5,0.05,300,3,3,0.01,0.2,0.8,"{'subsample': 0.7, 'reg_lambda': 0.5, 'reg_alpha': 0.05, 'n_estimators': 300, 'min_child_weight': 3, 'max_depth': 3, 'learning_rate': 0.01, 'gamma': 0.2, 'colsample_bytree': 0.8}",0.8936974789915967,0.9512605042016806,0.9218487394957984,0.9429392446633825,0.9613095238095238,0.9342110982323965,0.02406395108998584,60,0.9937162905168351,0.9947897575535425,0.9935853799026024,0.9932838179519595,0.9950400710052993,0.9940830633860479,0.0006980379188657765,0.05987196515365145
0.8818146705627441,0.03372562852474154,0.025018882751464844,0.0007925082257071908,0.9,4.0,0.05,300,3,3,0.01,0.0,0.8,"{'subsample': 0.9, 'reg_lambda': 4.0, 'reg_alpha': 0.05, 'n_estimators': 300, 'min_child_weight': 3, 'max_depth': 3, 'learning_rate': 0.01, 'gamma': 0, 'colsample_bytree': 0.8}",0.8869747899159663,0.9445378151260504,0.915546218487395,0.9347290640394088,0.9591836734693878,0.9281943122076417,0.02501670191399295,70,0.989631879352778,0.9893176938786197,0.9892653296329267,0.988964391066161,0.9893231002166706,0.9893004788294311,0.0002120494482844081,0.06110616662178936
0.45099549293518065,0.049904494314751906,0.01715245246887207,0.00033214532344592315,0.9,0.5,1.0,100,3,6,0.05,0.7,0.4,"{'subsample': 0.9, 'reg_lambda': 0.5, 'reg_alpha': 1.0, 'n_estimators': 100, 'min_child_weight': 3, 'max_depth': 6, 'learning_rate': 0.05, 'gamma': 0.7, 'colsample_bytree': 0.4}",0.8886554621848739,0.9525210084033613,0.9260504201680672,0.9482758620689655,0.9613095238095238,0.9353624553269583,0.026087083345496274,50,0.9999476357543069,1.0,1.0,1.0,1.0,0.9999895271508613,2.0945698277241574e-05,0.06462707182390304
1.531582498550415,0.05064001748751648,0.031032037734985352,0.002135721759170806,0.9,3.0,1.0,500,5,4,0.05,0.5,0.4,"{'subsample': 0.9, 'reg_lambda': 3.0, 'reg_alpha': 1.0, 'n_estimators': 500, 'min_child_weight': 5, 'max_depth': 4, 'learning_rate': 0.05, 'gamma': 0.5, 'colsample_bytree': 0.4}",0.8920168067226891,0.95,0.9298319327731093,0.9626436781609196,0.9672619047619048,0.9403508644837245,0.027426660426275434,18,1.0,1.0,1.0,1.0,1.0,1.0,0.0,0.05964913551627549
0.7628073692321777,0.08996608675843937,0.026734399795532226,0.007312410290316142,0.9,5.0,0.5,200,2,5,0.05,0.7,0.4,"{'subsample': 0.9, 'reg_lambda': 5.0, 'reg_alpha': 0.5, 'n_estimators': 200, 'min_child_weight': 2, 'max_depth': 5, 'learning_rate': 0.05, 'gamma': 0.7, 'colsample_bytree': 0.4}",0.892436974789916,0.9512605042016806,0.9298319327731093,0.9585385878489328,0.9693877551020409,0.9402911509431359,0.027200461239300353,19,1.0,1.0,1.0,1.0,1.0,1.0,0.0,0.05970884905686413
0.7958587646484375,0.06774224235739058,0.040803718566894534,0.010034192457487906,0.8,0.5,1.0,300,2,6,0.07,0.7,0.5,"{'subsample': 0.8, 'reg_lambda': 0.5, 'reg_alpha': 1.0, 'n_estimators': 300, 'min_child_weight': 2, 'max_depth': 6, 'learning_rate': 0.07, 'gamma': 0.7, 'colsample_bytree': 0.5}",0.8869747899159665,0.9508403361344537,0.9348739495798319,0.9605911330049262,0.9757653061224489,0.9418091029515254,0.030470476851821318,10,1.0,1.0,1.0,1.0,1.0,1.0,0.0,0.05819089704847458
0.409267520904541,0.041751520733217584,0.03255715370178223,0.0020797982198165798,0.7,1.5,0.05,100,2,6,0.05,0.0,0.4,"{'subsample': 0.7, 'reg_lambda': 1.5, 'reg_alpha': 0.05, 'n_estimators': 100, 'min_child_weight': 2, 'max_depth': 6, 'learning_rate': 0.05, 'gamma': 0, 'colsample_bytree': 0.4}",0.8936974789915967,0.9554621848739495,0.9142857142857143,0.951559934318555,0.9642857142857143,0.9358582053511059,0.02713625909315564,46,1.0,1.0,1.0,1.0,1.0,1.0,0.0,0.06414179464889413
0.7730579376220703,0.06982360673829424,0.03094959259033203,0.007224518534618303,0.7,3.0,0.5,300,1,4,0.1,1.0,0.7,"{'subsample': 0.7, 'reg_lambda': 3.0, 'reg_alpha': 0.5, 'n_estimators': 300, 'min_child_weight': 1, 'max_depth': 4, 'learning_rate': 0.1, 'gamma': 1.0, 'colsample_bytree': 0.7}",0.8911764705882352,0.9516806722689075,0.9239495798319328,0.9700328407224958,0.9617346938775511,0.9397148514578244,0.02881580471826084,23,1.0,1.0,1.0,1.0,1.0,1.0,0.0,0.06028514854217559
0.9015053749084473,0.06892797655300124,0.01950812339782715,0.0005323814800746673,0.8,1.5,1.0,200,3,5,0.07,0.0,0.4,"{'subsample': 0.8, 'reg_lambda': 1.5, 'reg_alpha': 1.0, 'n_estimators': 200, 'min_child_weight': 3, 'max_depth': 5, 'learning_rate': 0.07, 'gamma': 0, 'colsample_bytree': 0.4}",0.8932773109243698,0.9512605042016807,0.9268907563025209,0.9688013136288999,0.9689625850340136,0.9418384940182969,0.028751026405956816,9,1.0,1.0,1.0,1.0,1.0,1.0,0.0,0.05816150598170311
2.438633441925049,0.15751285717369978,0.03085603713989258,0.000499141207025128,0.7,3.0,0.3,500,1,5,0.01,0.1,0.5,"{'subsample': 0.7, 'reg_lambda': 3.0, 'reg_alpha': 0.3, 'n_estimators': 500, 'min_child_weight': 1, 'max_depth': 5, 'learning_rate': 0.01, 'gamma': 0.1, 'colsample_bytree': 0.5}",0.8953781512605042,0.9474789915966386,0.915546218487395,0.9523809523809523,0.9664115646258504,0.9354391756702682,0.0260456724448065,49,1.0,1.0,0.9999738178771534,1.0,1.0,0.9999947635754307,1.0472849138620789e-05,0.06455558790516247
0.6499285697937012,0.05007012023733114,0.02610645294189453,0.0067458114979947,0.8,1.5,0.01,200,3,3,0.07,0.2,0.6,"{'subsample': 0.8, 'reg_lambda': 1.5, 'reg_alpha': 0.01, 'n_estimators': 200, 'min_child_weight': 3, 'max_depth': 3, 'learning_rate': 0.07, 'gamma': 0.2, 'colsample_bytree': 0.6}",0.8806722689075631,0.9508403361344537,0.9340336134453782,0.9675697865353038,0.9647108843537415,0.939565377875288,0.031757414207688184,25,1.0,1.0,1.0,1.0,1.0,1.0,0.0,0.060434622124711956
1.1568097591400146,0.08505421010844953,0.0561924934387207,0.004814620348582717,0.9,1.0,0.5,500,2,4,0.1,0.1,0.7,"{'subsample': 0.9, 'reg_lambda': 1.0, 'reg_alpha': 0.5, 'n_estimators': 500, 'min_child_weight': 2, 'max_depth': 4, 'learning_rate': 0.1, 'gamma': 0.1, 'colsample_bytree': 0.7}",0.8878151260504202,0.9403361344537815,0.9323529411764706,0.9704433497536946,0.9647108843537414,0.9391316871576217,0.029378587705890937,29,1.0,1.0,1.0,1.0,1.0,1.0,0.0,0.06086831284237826
0.853399658203125,0.12036911032312113,0.0391202449798584,0.007173080146347575,0.8,1.0,0.1,300,10,5,0.05,1.0,0.6,"{'subsample': 0.8, 'reg_lambda': 1.0, 'reg_alpha': 0.1, 'n_estimators': 300, 'min_child_weight': 10, 'max_depth': 5, 'learning_rate': 0.05, 'gamma': 1.0, 'colsample_bytree': 0.6}",0.873109243697479,0.9478991596638656,0.9201680672268908,0.9622331691297209,0.9574829931972788,0.9321785265830471,0.03293680976737722,67,0.9997905430172279,0.999895271508614,0.9996858145258418,0.9999209860935525,0.9999738951105541,0.999853302051158,0.0001028358093320669,0.06767477546811085
1.0764119625091553,0.048056028936241134,0.023829269409179687,0.0006286661022948337,0.9,2.0,1.0,300,10,5,0.05,0.1,0.8,"{'subsample': 0.9, 'reg_lambda': 2.0, 'reg_alpha': 1.0, 'n_estimators': 300, 'min_child_weight': 10, 'max_depth': 5, 'learning_rate': 0.05, 'gamma': 0.1, 'colsample_bytree': 0.8}",0.884453781512605,0.9478991596638655,0.9235294117647059,0.9597701149425287,0.9600340136054422,0.9351372962978294,0.02861135822700346,52,0.9998690893857674,0.999895271508614,0.9997905430172279,0.9998156342182891,0.9999738951105541,0.9998688866480906,6.433743068054364e-05,0.06473159035026121
0.45704054832458496,0.0290383867651198,0.016612958908081055,0.00022386087224454587,0.9,3.0,0.3,100,2,6,0.05,0.1,0.7,"{'subsample': 0.9, 'reg_lambda': 3.0, 'reg_alpha': 0.3, 'n_estimators': 100, 'min_child_weight': 2, 'max_depth': 6, 'learning_rate': 0.05, 'gamma': 0.1, 'colsample_bytree': 0.7}",0.892016806722689,0.9445378151260505,0.9285714285714285,0.9499178981937603,0.969812925170068,0.9369713747567993,0.026057256975986785,41,1.0,1.0,1.0,1.0,1.0,1.0,0.0,0.06302862524320074
1.7114659786224364,0.10056458760106089,0.0378145694732666,0.0019887602817122516,0.6,5.0,1.0,700,3,3,0.05,1.0,0.8,"{'subsample': 0.6, 'reg_lambda': 5.0, 'reg_alpha': 1.0, 'n_estimators': 700, 'min_child_weight': 3, 'max_depth': 3, 'learning_rate': 0.05, 'gamma': 1.0, 'colsample_bytree': 0.8}",0.8953781512605041,0.9533613445378152,0.9243697478991597,0.9675697865353037,0.9625850340136054,0.9406528128492775,0.02713663855911962,16,0.9999738178771534,0.9999738178771534,1.0,1.0,1.0,0.9999895271508613,1.2826568271383631e-05,0.059336714301583826
0.5156070232391358,0.11554352237462397,0.02232198715209961,0.007021276476268202,0.8,2.0,0.05,100,2,6,0.01,1.0,0.6,"{'subsample': 0.8, 'reg_lambda': 2.0, 'reg_alpha': 0.05, 'n_estimators': 100, 'min_child_weight': 2, 'max_depth': 6, 'learning_rate': 0.01, 'gamma': 1.0, 'colsample_bytree': 0.6}",0.9008403361344537,0.9336134453781513,0.9113445378151261,0.9203612479474548,0.9600340136054422,0.9252387161761255,0.020459558400457614,75,0.9964915955385663,0.9970937843640363,0.9975126983295806,0.997787610619469,0.9977027697287701,0.9973176917160845,0.0004774318438752672,0.07207897553995901
1.4591871738433837,0.09415159584548803,0.0779083251953125,0.00625455439064597,0.6,1.0,0.5,700,10,3,0.07,1.0,0.6,"{'subsample': 0.6, 'reg_lambda': 1.0, 'reg_alpha': 0.5, 'n_estimators': 700, 'min_child_weight': 10, 'max_depth': 3, 'learning_rate': 0.07, 'gamma': 1.0, 'colsample_bytree': 0.6}",0.8676470588235294,0.9348739495798319,0.9138655462184874,0.9638752052545156,0.9392006802721089,0.9238924880296946,0.03230368026358276,76,0.9996596324029953,0.999895271508614,0.9993454469288371,0.9998156342182891,0.9999477902211085,0.9997327550559689,0.00021673725240212266,0.07584026702627433
1.9616899967193604,0.14105247075246566,0.0365936279296875,0.0008415025600038004,0.8,2.0,0.5,700,7,4,0.05,0.5,0.4,"{'subsample': 0.8, 'reg_lambda': 2.0, 'reg_alpha': 0.5, 'n_estimators': 700, 'min_child_weight': 7, 'max_depth': 4, 'learning_rate': 0.05, 'gamma': 0.5, 'colsample_bytree': 0.4}",0.8819327731092437,0.950840336134454,0.9201680672268908,0.9675697865353038,0.9579081632653061,0.9356838252542395,0.031209837880921545,48,1.0,1.0,1.0,1.0,1.0,1.0,0.0,0.06431617474576046
0.5212471961975098,0.027034383923154052,0.020164346694946288,0.0002674101167670182,0.8,4.0,1.0,200,10,3,0.07,0.1,0.7,"{'subsample': 0.8, 'reg_lambda': 4.0, 'reg_alpha': 1.0, 'n_estimators': 200, 'min_child_weight': 10, 'max_depth': 3, 'learning_rate': 0.07, 'gamma': 0.1, 'colsample_bytree': 0.7}",0.8777310924369748,0.9550420168067226,0.9105042016806723,0.9593596059113301,0.9528061224489796,0.9310886078569359,0.031985646158186956,68,0.9992407184374509,0.9992669005602974,0.9989265329632927,0.9985777496839444,0.999738951105542,0.9991501705501055,0.00038630733254607,0.06806156269316954
0.8243758201599121,0.03414217449290916,0.024415063858032226,0.002020968096000472,0.6,1.0,0.01,300,10,6,0.1,0.0,0.7,"{'subsample': 0.6, 'reg_lambda': 1.0, 'reg_alpha': 0.01, 'n_estimators': 300, 'min_child_weight': 10, 'max_depth': 6, 'learning_rate': 0.1, 'gamma': 0, 'colsample_bytree': 0.7}",0.876890756302521,0.942436974789916,0.9046218487394958,0.9696223316912972,0.9379251700680272,0.9262994163182515,0.032198094852889846,73,0.9995810860344556,0.9998952715086139,0.9988218044719066,0.999657606405394,0.9998172657738794,0.9995546068388498,0.0003829755869196251,0.07325519052059826
0.40447235107421875,0.045565948400154974,0.01763496398925781,0.0017612377492514512,0.6,0.5,0.05,100,1,5,0.01,0.5,0.5,"{'subsample': 0.6, 'reg_lambda': 0.5, 'reg_alpha': 0.05, 'n_estimators': 100, 'min_child_weight': 1, 'max_depth': 5, 'learning_rate': 0.01, 'gamma': 0.5, 'colsample_bytree': 0.5}",0.9054621848739496,0.9378151260504202,0.9058823529411766,0.9261083743842364,0.9596088435374149,0.9269753763574397,0.020449587236220028,72,0.9980101586636644,0.9990836257003718,0.9985076189977484,0.9986831015592078,0.9989296995327225,0.9986428408907431,0.00037330197189654164,0.07166746453330342
1.879034948348999,0.1937268694421972,0.061191129684448245,0.016559577624206522,0.8,1.0,0.05,700,1,4,0.1,0.0,0.7,"{'subsample': 0.8, 'reg_lambda': 1.0, 'reg_alpha': 0.05, 'n_estimators': 700, 'min_child_weight': 1, 'max_depth': 4, 'learning_rate': 0.1, 'gamma': 0, 'colsample_bytree': 0.7}",0.8848739495798319,0.9491596638655463,0.9205882352941177,0.9766009852216748,0.9638605442176871,0.9390166756357715,0.032874672748449615,31,1.0,1.0,1.0,1.0,1.0,1.0,0.0,0.060983324364228486
0.7255003929138184,0.07383766411782224,0.0404548168182373,0.015981594668211103,0.7,5.0,0.3,300,1,3,0.1,1.0,0.6,"{'subsample': 0.7, 'reg_lambda': 5.0, 'reg_alpha': 0.3, 'n_estimators': 300, 'min_child_weight': 1, 'max_depth': 3, 'learning_rate': 0.1, 'gamma': 1.0, 'colsample_bytree': 0.6}",0.8915966386554621,0.9512605042016806,0.9252100840336134,0.9692118226600985,0.9621598639455782,0.9398877826992866,0.028399835028455472,21,1.0,1.0,1.0,1.0,1.0,1.0,0.0,0.060112217300713366
0.9792054176330567,0.029244195412028162,0.023470211029052734,0.0006517528021287249,0.9,2.0,0.3,300,10,4,0.05,0.2,0.7,"{'subsample': 0.9, 'reg_lambda': 2.0, 'reg_alpha': 0.3, 'n_estimators': 300, 'min_child_weight': 10, 'max_depth': 4, 'learning_rate': 0.05, 'gamma': 0.2, 'colsample_bytree': 0.7}",0.8815126050420168,0.9512605042016806,0.9201680672268907,0.9622331691297209,0.9608843537414965,0.935211739868361,0.030843841351796096,51,0.9998952715086139,0.9999214536314603,0.9998429072629209,0.9998683101559207,1.0,0.9999055885117831,5.40190456391514e-05,0.06469384864342209
0.70995192527771,0.019484677744838905,0.0198270320892334,0.000450412883247898,0.6,4.0,1.0,200,1,4,0.01,0.1,0.8,"{'subsample': 0.6, 'reg_lambda': 4.0, 'reg_alpha': 1.0, 'n_estimators': 200, 'min_child_weight': 1, 'max_depth': 4, 'learning_rate': 0.01, 'gamma': 0.1, 'colsample_bytree': 0.8}",0.8915966386554622,0.9331932773109244,0.9042016806722688,0.9191297208538587,0.9566326530612244,0.9209507941107477,0.022665343607999305,78,0.9908100748808712,0.990391160915327,0.9915955385662669,0.9905973451327433,0.991046022920093,0.9908880284830603,0.00041544764148645846,0.0699372343723127
1.6322482109069825,0.07964928215551804,0.03184218406677246,0.0018418680430898281,0.9,1.5,0.5,500,7,6,0.07,0.0,0.8,"{'subsample': 0.9, 'reg_lambda': 1.5, 'reg_alpha': 0.5, 'n_estimators': 500, 'min_child_weight': 7, 'max_depth': 6, 'learning_rate': 0.07, 'gamma': 0, 'colsample_bytree': 0.8}",0.8756302521008403,0.9474789915966387,0.9256302521008404,0.9683908045977012,0.9549319727891157,0.9344124546370273,0.032492422795946496,56,1.0,1.0,1.0,1.0,1.0,1.0,0.0,0.06558754536297273
0.9151856899261475,0.11520038309131957,0.036281776428222653,0.010870437119006949,0.7,3.0,0.01,300,7,6,0.07,0.0,0.8,"{'subsample': 0.7, 'reg_lambda': 3.0, 'reg_alpha': 0.01, 'n_estimators': 300, 'min_child_weight': 7, 'max_depth': 6, 'learning_rate': 0.07, 'gamma': 0, 'colsample_bytree': 0.8}",0.8869747899159663,0.942436974789916,0.9218487394957984,0.965927750410509,0.9549319727891156,0.934424045480261,0.02788130455042423,55,1.0,1.0,1.0,1.0,1.0,1.0,0.0,0.06557595451973897
0.32926478385925295,0.042989552914133096,0.030765771865844727,0.0043369182187367,0.7,1.5,0.5,100,10,4,0.05,0.0,0.8,"{'subsample': 0.7, 'reg_lambda': 1.5, 'reg_alpha': 0.5, 'n_estimators': 100, 'min_child_weight': 10, 'max_depth': 4, 'learning_rate': 0.05, 'gamma': 0, 'colsample_bytree': 0.8}",0.892436974789916,0.9605042016806723,0.9113445378151261,0.9532019704433498,0.9553571428571429,0.9345689655172414,0.027446137612723277,54,0.9945541184479239,0.9929570089542861,0.9924071843745091,0.9939159292035398,0.9957449030203357,0.993915828800119,0.001178835839913579,0.05934686328287753
0.9444289207458496,0.04615047273800676,0.0411984920501709,0.0094484048587939,0.7,4.0,0.5,300,3,6,0.07,0.2,0.7,"{'subsample': 0.7, 'reg_lambda': 4.0, 'reg_alpha': 0.5, 'n_estimators': 300, 'min_child_weight': 3, 'max_depth': 6, 'learning_rate': 0.07, 'gamma': 0.2, 'colsample_bytree': 0.7}",0.8865546218487396,0.9491596638655462,0.9294117647058824,0.9749589490968802,0.9621598639455783,0.9404489726925253,0.030869397221702437,17,1.0,1.0,1.0,1.0,1.0,1.0,0.0,0.059551027307474746
1.2251851081848144,0.05404318337932687,0.030486917495727538,0.0013119256930096295,0.6,1.0,1.0,500,3,6,0.1,0.5,0.8,"{'subsample': 0.6, 'reg_lambda': 1.0, 'reg_alpha': 1.0, 'n_estimators': 500, 'min_child_weight': 3, 'max_depth': 6, 'learning_rate': 0.1, 'gamma': 0.5, 'colsample_bytree': 0.8}",0.8978991596638657,0.9512605042016806,0.9298319327731093,0.972495894909688,0.9591836734693877,0.9421342330035462,0.02609172690417312,7,1.0,1.0,1.0,1.0,1.0,1.0,0.0,0.05786576699645385
1.3197315692901612,0.03242902518505751,0.03037428855895996,0.0006434447927542906,0.7,0.5,0.0,500,2,4,0.05,0.7,0.5,"{'subsample': 0.7, 'reg_lambda': 0.5, 'reg_alpha': 0, 'n_estimators': 500, 'min_child_weight': 2, 'max_depth': 4, 'learning_rate': 0.05, 'gamma': 0.7, 'colsample_bytree': 0.5}",0.8928571428571429,0.9533613445378151,0.9310924369747899,0.9778325123152709,0.9672619047619048,0.9444810682893847,0.030180887199549873,2,1.0,1.0,1.0,1.0,1.0,1.0,0.0,0.05551893171061528
1.1624532699584962,0.04092468421334805,0.024714183807373048,0.0012814237696212628,0.6,5.0,0.3,300,5,6,0.05,0.0,0.4,"{'subsample': 0.6, 'reg_lambda': 5.0, 'reg_alpha': 0.3, 'n_estimators': 300, 'min_child_weight': 5, 'max_depth': 6, 'learning_rate': 0.05, 'gamma': 0, 'colsample_bytree': 0.4}",0.896218487394958,0.9630252100840336,0.9264705882352942,0.9573070607553367,0.9617346938775511,0.9409512080694347,0.02606696535495176,14,0.9998952715086139,0.999895271508614,0.9999214536314603,0.9998946481247366,0.9999738951105541,0.9999161079767959,3.064888550920928e-05,0.0589648999073612
1.9678850650787354,0.07986751561816613,0.06673645973205566,0.014933698241930303,0.7,1.5,0.3,700,3,5,0.05,0.1,0.6,"{'subsample': 0.7, 'reg_lambda': 1.5, 'reg_alpha': 0.3, 'n_estimators': 700, 'min_child_weight': 3, 'max_depth': 5, 'learning_rate': 0.05, 'gamma': 0.1, 'colsample_bytree': 0.6}",0.8852941176470588,0.953781512605042,0.9281512605042017,0.9745484400656814,0.9579081632653061,0.9399366988174579,0.031104125992049193,20,1.0,1.0,1.0,1.0,1.0,1.0,0.0,0.060063301182542106
1.8074454307556151,0.15491518587401018,0.0324516773223877,0.0019582236306875398,0.9,0.5,0.3,500,10,5,0.03,0.2,0.7,"{'subsample': 0.9, 'reg_lambda': 0.5, 'reg_alpha': 0.3, 'n_estimators': 500, 'min_child_weight': 10, 'max_depth': 5, 'learning_rate': 0.03, 'gamma': 0.2, 'colsample_bytree': 0.7}",0.8848739495798319,0.9546218487394958,0.9222689075630253,0.9642857142857143,0.9579081632653061,0.9367917166866746,0.02975266157945388,42,0.9999476357543069,0.9999738178771534,0.9998429072629209,0.9999736620311841,1.0,0.999947604585113,5.490525825863979e-05,0.0631558878984384
0.27128095626831056,0.032400957069537786,0.01739668846130371,0.0007528648538971073,0.9,1.0,0.05,100,10,4,0.1,0.0,0.8,"{'subsample': 0.9, 'reg_lambda': 1.0, 'reg_alpha': 0.05, 'n_estimators': 100, 'min_child_weight': 10, 'max_depth': 4, 'learning_rate': 0.1, 'gamma': 0, 'colsample_bytree': 0.8}",0.8894957983193277,0.9613445378151261,0.9273109243697478,0.9601806239737274,0.9608843537414966,0.939843247643885,0.02832160758487003,22,0.9995287217887626,0.9998429072629209,0.9994239932973765,0.9997629582806574,1.0,0.9997117161259436,0.00020938759199199308,0.05986846848205851
0.32887115478515627,0.012151957398439113,0.017474603652954102,0.0012683965065953518,0.8,0.5,0.05,100,10,5,0.05,0.5,0.7,"{'subsample': 0.8, 'reg_lambda': 0.5, 'reg_alpha': 0.05, 'n_estimators': 100, 'min_child_weight': 10, 'max_depth': 5, 'learning_rate': 0.05, 'gamma': 0.5, 'colsample_bytree': 0.7}",0.8865546218487395,0.9596638655462184,0.9180672268907564,0.9523809523809524,0.9642857142857143,0.9361904761904762,0.02964673382402409,44,0.9966748703984919,0.9966748703984919,0.9947897575535425,0.9972608512431521,0.9979116088443366,0.9966623916876032,0.0010417070011097271,0.06047191549712694
1.1621939659118652,0.337989625686337,0.028574275970458984,0.0050769732482787416,0.9,3.0,0.01,500,1,3,0.07,0.2,0.7,"{'subsample': 0.9, 'reg_lambda': 3.0, 'reg_alpha': 0.01, 'n_estimators': 500, 'min_child_weight': 1, 'max_depth': 3, 'learning_rate': 0.07, 'gamma': 0.2, 'colsample_bytree': 0.7}",0.8857142857142857,0.9415966386554622,0.9252100840336135,0.9655172413793104,0.9685374149659864,0.9373151329497317,0.030323920425835153,38,1.0,1.0,1.0,1.0,1.0,1.0,0.0,0.06268486705026832
